Week,Punter,Team,Blocks,Touchbacks,Fair Catches,Out-of_Bounds,50+,60+,70+,Under 20,Under 10,Under 5,1 Yd Line,Punt Avg,Return Avg,Holds,Misses,First Downs,Touchdowns,Fumbles,Interceptions,Conduct,Total Points
1,C.Johnston,PHI,0,0.4,0.25,0.1,4,0.75,0.0,1,0.0,0.0,0.0,0.7166666666666665,0.35000000000000003,0.2,-0.0,0,0,-0.0,-0.0,0,7.766666666666667
1,M.Bosher,ATL,0,0.0,0.25,0.0,2,0.0,0.0,1,0.0,0.0,0.0,0.26666666666666644,0.17500000000000002,0.2,-0.25,0,0,-0.0,-0.0,0,3.6416666666666666
1,C.Bojorquez,BUF,0,0.0,0.25,0.2,4,0.0,0.0,3,0.0,0.0,0.0,0.4625,-0.18000000000000008,0.1,-0.25,0,0,-1.5,-0.0,0,6.0825000000000005
1,S.Koch,BAL,0,0.0,0.0,0.1,3,0.75,0.0,3,0.0,0.0,0.0,0.6399999999999999,0.2666666666666667,0.7000000000000001,-0.0,0,0,-0.0,-0.0,0,8.456666666666665
1,J.Berry,PIT,0,0.0,0.75,0.1,2,0.0,0.0,3,0.0,0.0,0.0,-0.5714285714285715,-0.6000000000000001,0.30000000000000004,-0.25,0,0,-0.0,-0.0,0,4.728571428571429
1,B.Colquitt,CLE,0,0.4,0.5,0.30000000000000004,3,0.0,0.0,6,1.5,0.0,0.0,-0.15000000000000002,-0.21999999999999995,0.30000000000000004,-0.0,0,0,-0.0,-0.0,0,11.629999999999999
1,R.Sanchez,IND,0,0.0,0.25,0.0,0,0.0,0.0,0,0.0,0.0,0.0,0.25,1.0,0.5,-0.25,0,0,-0.0,-0.0,0,1.75
1,K.Huber,CIN,0,0.0,0.0,0.0,1,0.0,0.0,0,0.0,0.0,0.0,0.30000000000000004,0.9,0.5,-0.0,0,0,-0.0,-0.0,0,2.7
1,M.Haack,MIA,0,0.8,0.0,0.0,2,1.5,0.0,0,0.0,0.0,0.0,0.875,-1.3,0.5,-0.0,0,0,-0.0,-0.0,0,4.375
1,B.Kern,TEN,0,0.0,0.25,0.1,1,0.0,0.0,4,0.0,0.0,0.0,-0.025,0.8500000000000001,0.4,-0.0,0,0,-0.0,-0.0,0,6.574999999999999
1,B.Pinion,SF,0,0.0,0.25,0.0,0,0.0,0.0,1,0.0,0.0,0.0,-0.15000000000000002,0.6666666666666666,0.4,-0.0,0,0,-0.0,-0.0,0,2.1666666666666665
1,M.Wile,MIN,0,0.0,0.25,0.1,1,0.0,0.0,4,0.75,0.5,0.0,-0.6666666666666665,0.2,0.30000000000000004,-0.0,0,0,-0.0,-0.0,0,6.433333333333334
1,R.Allen,NE,0,0.0,0.25,0.0,2,0.0,0.0,2,1.5,0.5,0.25,0.18333333333333357,-0.1,0.5,-0.0,0,0,-0.0,-0.0,0,7.083333333333334
1,T.Daniel,HOU,0,0.0,0.75,0.1,0,0.0,0.0,3,0.75,0.0,0.0,-0.6666666666666665,0.9,0.4,-0.0,0,0,-0.0,-0.0,0,5.233333333333333
1,T.Morstead,NO,0,0.0,0.0,0.0,2,0.0,0.0,0,0.0,0.0,0.0,0.7000000000000001,0.2666666666666667,0.4,-0.0,0,0,-0.0,-0.0,0,3.3666666666666667
1,B.Anger,TB,0,0.0,0.0,0.0,0,0.0,0.0,0,0.0,0.0,0.0,-0.30000000000000004,0.9,0.7000000000000001,-0.25,0,0,-0.0,-0.0,0,1.05
1,R.Dixon,NYG,0,0.4,0.0,0.1,3,0.0,0.0,0,0.0,0.0,0.0,0.4399999999999999,0.4,0.30000000000000004,-0.0,0,0,-0.0,-0.0,0,4.64
1,L.Cooke,JAX,0,0.0,0.25,0.2,0,0.0,0.0,4,0.0,0.0,0.0,-0.7285714285714285,0.7666666666666667,0.30000000000000004,-0.0,0,0,-0.0,-0.0,0,4.788095238095238
1,D.Kaser,LAC,0,0.0,0.0,0.0,2,0.75,0.0,0,0.0,0.0,0.0,1.5,-3.85,0.2,-0.25,0,0,-0.0,-0.0,0,0.34999999999999987
1,C.Sturgis,LAC,0,0.0,0.0,0.0,0,0.0,0.0,1,0.0,0.0,0.0,-2.1,0,0.2,-0.25,0,0,-0.0,-0.0,0,-1.1500000000000001
1,D.Colquitt,KC,0,0.0,0.25,0.0,2,1.5,0.0,3,0.75,0.5,0.0,0.6200000000000003,1.1500000000000001,0.5,-0.0,0,0,-0.0,-0.0,0,10.270000000000001
1,T.Way,WAS,0,0.0,0.5,0.0,2,0.0,0.0,2,0.75,0.0,0.0,0.15000000000000002,-1.3,0.4,-0.0,0,0,-0.0,-0.0,0,4.500000000000001
1,A.Lee,ARI,0,0.4,0.5,0.0,4,0.75,0.0,3,0.75,0.0,0.0,0.7600000000000002,0.30000000000000004,0.0,-0.0,0,0,-0.0,-0.0,0,10.46
1,C.Jones,DAL,0,0.0,0.5,0.0,4,0.0,0.0,2,0.0,0.0,0.0,0.3833333333333336,-0.65,0.0,-0.25,0,0,-0.0,-0.0,0,5.983333333333333
1,M.Palardy,CAR,0,0.4,0.75,0.0,5,0.0,0.0,3,0.75,0.0,0.0,0.2833333333333336,0.25,0.2,-0.25,0,0,-0.0,-0.0,0,10.383333333333333
1,M.King,DEN,0,0.0,0.0,0.2,2,0.0,0.0,3,0.75,0.0,0.0,-0.05,0.5333333333333334,0.5,-0.0,0,0,-0.0,-0.0,0,6.933333333333334
1,M.Dickson,SEA,0,0.0,0.0,0.2,5,2.25,0.0,4,1.5,0.5,0.0,1.4000000000000001,0.45,0.4,-0.25,0,0,-0.0,-0.0,0,15.45
1,J.Scott,GB,0,0.0,0.25,0.1,2,0.0,0.0,1,0.0,0.0,0.0,0.30000000000000004,-1.35,0.4,-0.0,0,0,-0.0,-0.0,0,2.7
1,P.O'Donnell,CHI,0,0.0,0.75,0.0,1,0.75,0.0,1,0.0,0.0,0.0,0.525,-0.8,0.4,-0.0,0,0,-0.0,-0.0,0,3.6250000000000004
1,S.Martin,DET,0,0.0,0.0,0.0,2,0.0,0.0,0,0.0,0.0,0.0,0.5666666666666664,-3.6666666666666665,0.2,-0.5,0,0,-0.0,-0.0,0,-1.4000000000000001
1,L.Edwards,NYJ,0,0.0,0.25,0.1,0,0.0,0.0,2,0.75,0.0,0.0,-0.7666666666666665,0,0.6000000000000001,-0.0,0,0,-0.0,-0.0,0,2.9333333333333336
1,J.Hekker,LA,0,0.0,0.0,0.1,2,0.75,0.0,2,0.75,0.0,0.0,1.35,-0.1,0.6000000000000001,-0.25,0,0,-0.0,-0.0,0,7.199999999999999
1,J.Townsend,OAK,0,0.0,0.5,0.0,1,0.0,0.0,1,0.0,0.0,0.0,-0.05,0.30000000000000004,0.30000000000000004,-0.0,0,0,-0.0,-0.0,0,3.05
2,S.Koch,BAL,0,0.4,0.0,0.0,3,0.75,0.0,0,0.0,0.0,0.0,1.1333333333333335,-0.30000000000000004,0.30000000000000004,-0.0,0,0,-0.0,-0.0,0,5.283333333333334
2,K.Huber,CIN,0,0.0,0.75,0.0,1,0.0,0.0,4,0.75,0.0,0.0,-0.4833333333333336,1.1,0.6000000000000001,-0.0,0,0,-0.0,-0.0,0,7.716666666666667
2,M.Bosher,ATL,0,0.4,0.0,0.0,1,0.0,0.0,2,0.75,0.5,0.0,-0.025,0.45,0.5,-0.0,0,0,-0.0,-0.0,0,5.575
2,M.Palardy,CAR,0,0.0,0.5,0.0,2,0.0,0.0,2,0.0,0.0,0.0,0.275,0.6000000000000001,0.4,-0.0,0,0,-0.0,-0.0,0,5.775
2,D.Kaser,LAC,0,0.4,0.25,0.1,2,0.0,0.0,2,1.5,0.5,0.0,0.0,0.6000000000000001,0.5,-0.0,0,0,-0.0,-0.0,0,7.85
2,C.Bojorquez,BUF,0,0.4,0.25,0.0,2,0.0,0.0,2,0.0,0.0,0.0,-0.03999999999999986,0.3333333333333333,0.4,-0.0,0,0,-0.0,-0.0,0,5.343333333333334
2,J.Scott,GB,0,0.4,0.5,0.0,2,0.75,0.0,2,0.75,0.0,0.0,0.6799999999999997,-0.4,0.6000000000000001,-0.25,0,0,-0.0,-0.0,0,7.029999999999999
2,M.Wile,MIN,-3,0.4,0.25,0.0,2,0.0,0.0,2,0.75,0.0,0.0,0.6000000000000001,0.9,0.30000000000000004,-0.75,0,0,-0.0,-0.0,0,3.45
2,B.Colquitt,CLE,0,0.0,0.25,0.1,0,0.0,0.0,1,0.0,0.0,0.0,-0.5666666666666664,0.9,0.2,-1.0,0,0,-0.0,-0.0,0,0.8833333333333335
2,T.Morstead,NO,0,0.0,0.75,0.0,1,0.0,0.0,2,0.0,0.0,0.0,-0.025,0.9,0.30000000000000004,-0.25,0,0,-0.0,-0.0,0,4.675
2,M.Haack,MIA,0,0.0,0.75,0.2,2,0.75,0.0,5,2.25,0.5,0.0,0.41666666666666646,0.5,0.2,-0.25,0,0,-0.0,-0.0,0,12.316666666666665
2,L.Edwards,NYJ,0,0.0,0.5,0.0,3,1.5,0.0,2,0.0,0.0,0.0,0.7600000000000002,-0.7000000000000001,0.2,-0.25,0,0,-0.0,-0.0,0,7.01
2,J.Berry,PIT,0,0.4,0.0,0.2,2,0.0,0.0,1,0.75,0.5,0.25,0.13999999999999987,-1.8,0.30000000000000004,-0.5,0,0,-0.0,-0.0,0,3.2399999999999993
2,D.Colquitt,KC,0,0.0,0.0,0.1,1,0.0,0.0,1,0.0,0.0,0.0,0.5,0.30000000000000004,0.6000000000000001,-0.0,0,0,-0.0,-0.0,0,3.5000000000000004
2,C.Johnston,PHI,0,0.4,0.0,0.0,4,1.5,0.0,3,0.0,0.0,0.0,1.1,0.17500000000000002,0.30000000000000004,-0.25,0,0,-0.0,-0.0,0,10.225000000000001
2,B.Anger,TB,0,0.0,0.25,0.0,1,0.0,0.0,2,0.0,0.0,0.0,-0.16666666666666644,0.46666666666666673,0.30000000000000004,-0.25,0,0,-0.0,-0.0,0,3.6000000000000005
2,T.Daniel,HOU,0,0.4,0.25,0.0,1,0.0,0.0,2,0.0,0.0,0.0,-0.4,0.7000000000000001,0.30000000000000004,-0.25,0,0,-0.0,-0.0,0,4.0
2,B.Kern,TEN,0,0.0,0.0,0.1,4,0.75,0.0,1,0.75,0.0,0.0,0.7200000000000003,0.275,0.4,-0.0,0,0,-0.0,-0.0,0,7.995000000000001
2,R.Sanchez,IND,0,0.4,0.75,0.0,2,0.0,0.0,1,0.0,0.0,0.0,0.2,0.30000000000000004,0.30000000000000004,-0.0,0,0,-0.0,-0.0,0,4.95
2,T.Way,WAS,0,0.0,0.5,0.1,1,0.0,0.0,3,0.0,0.0,0.0,-0.8600000000000002,0,0.30000000000000004,-0.25,0,0,-0.0,-0.0,0,3.789999999999999
2,J.Hekker,LA,0,0.4,0.0,0.0,1,0.75,0.0,1,0.75,0.0,0.0,0.6000000000000001,0,0.2,-0.0,0,0,-0.0,-0.0,0,4.7
2,A.Lee,ARI,0,0.0,0.25,0.1,4,0.0,0.0,1,0.0,0.0,0.0,0.5375,-1.3166666666666669,0.0,-0.0,0,0,-0.0,-0.0,0,4.570833333333333
2,B.Pinion,SF,0,0.0,0.25,0.0,1,0.0,0.0,3,0.0,0.0,0.0,0.03999999999999986,0.625,0.6000000000000001,-0.0,0,0,-0.0,-0.0,0,5.515000000000001
2,S.Martin,DET,0,0.0,0.5,0.0,0,0.0,0.0,3,0.75,0.5,0.0,-0.27999999999999975,0.2,0.5,-0.0,0,0,-0.0,-0.0,0,5.170000000000001
2,M.King,DEN,0,0.4,0.5,0.0,2,0.75,0.0,0,0.0,0.0,0.0,0.6000000000000001,0.2,0.4,-0.0,0,0,-0.0,-0.0,0,4.8500000000000005
2,J.Townsend,OAK,0,0.4,0.0,0.2,1,0.0,0.0,1,0.0,0.0,0.0,0.225,0.8,0.30000000000000004,-0.0,0,0,-0.0,-0.0,0,3.925
2,R.Allen,NE,0,0.4,0.25,0.0,4,0.0,0.0,1,0.0,0.0,0.0,1.05,-0.15000000000000002,0.4,-0.25,0,0,-0.0,-0.0,0,6.7
2,L.Cooke,JAX,0,0.0,0.0,0.0,0,0.0,0.0,2,1.5,0.0,0.0,-0.9666666666666665,0,0.5,-0.0,0,0,-0.0,-0.0,0,3.0333333333333337
2,R.Dixon,NYG,0,0.4,1.0,0.0,1,0.0,0.0,3,0.75,0.0,0.0,-0.16666666666666644,0.9,0.30000000000000004,-0.0,0,0,-0.0,-0.0,0,7.1833333333333345
2,C.Jones,DAL,0,0.0,0.0,0.0,0,0.0,0.0,0,0.0,0.0,0.0,-0.17500000000000002,0.43333333333333335,0.4,-0.0,0,0,-0.0,-0.0,0,0.6583333333333333
2,M.Dickson,SEA,0,0.0,0.25,0.2,5,0.0,0.0,1,0.75,0.5,0.0,0.01428571428571459,-0.55,0.30000000000000004,-0.0,0,0,-0.0,-0.0,0,7.464285714285714
2,P.O'Donnell,CHI,0,0.0,0.75,0.0,1,0.0,0.0,3,1.5,0.5,0.25,-0.3799999999999997,-0.5,0.30000000000000004,-0.0,0,0,-0.0,-0.0,0,6.42
3,B.Colquitt,CLE,0,0.0,0.5,0.2,1,0.0,0.0,5,2.25,0.5,0.25,-1.0875000000000001,-0.30000000000000004,0.30000000000000004,-0.0,0,0,-0.0,-0.0,0,8.612499999999999
3,L.Edwards,NYJ,0,0.0,0.25,0.1,5,0.75,0.0,3,0.0,0.0,0.0,0.4142857142857146,0.5,0.30000000000000004,-0.0,0,0,-0.0,-0.0,0,10.314285714285715
3,M.Bosher,ATL,-3,0.0,0.5,0.0,0,0.0,0.0,1,0.0,0.0,0.0,-0.17999999999999972,0.3666666666666667,0.30000000000000004,-0.0,0,0,-0.0,-0.0,0,-1.013333333333333
3,T.Morstead,NO,0,0.4,0.0,0.1,2,0.0,0.0,2,0.75,0.0,0.0,0.55,0.30000000000000004,0.7000000000000001,-0.0,0,0,-0.0,-0.0,0,6.8
3,S.Koch,BAL,-3,0.0,0.25,0.0,1,0.0,0.0,2,0.75,0.0,0.0,0.42500000000000004,-0.1333333333333334,0.5,-0.0,0,0,-0.0,-0.0,0,1.7916666666666667
3,M.King,DEN,0,0.0,0.0,0.1,1,0.0,0.0,3,0.75,0.0,0.0,-0.4,0.5,0.2,-0.0,0,0,-0.0,-0.0,0,5.1499999999999995
3,M.Palardy,CAR,0,0.0,0.75,0.0,1,0.0,0.0,3,0.0,0.0,0.0,-0.375,-0.0,0.5,-0.0,0,0,-0.0,-0.0,0,4.875
3,K.Huber,CIN,0,0.0,0.25,0.0,0,0.0,0.0,2,0.75,0.5,0.0,-0.1,0.5,0.30000000000000004,-0.25,0,0,-0.0,-0.0,0,3.95
3,T.Daniel,HOU,0,0.0,0.25,0.0,2,0.0,0.0,1,0.0,0.0,0.0,0.6666666666666665,0.6000000000000001,0.4,-0.0,0,0,-0.0,-0.0,0,4.916666666666667
3,R.Dixon,NYG,0,0.0,0.0,0.0,3,0.0,0.0,0,0.0,0.0,0.0,0.45,-0.6000000000000001,0.5,-0.0,0,0,-0.0,-0.0,0,3.35
3,L.Cooke,JAX,0,0.4,0.0,0.0,2,0.0,0.0,2,0.75,0.5,0.0,0.05,0.25,0.2,-0.0,0,0,-0.0,-0.0,0,6.15
3,B.Kern,TEN,0,0.4,0.0,0.2,3,0.0,0.0,3,0.0,0.0,0.0,0.16666666666666644,0.35000000000000003,0.30000000000000004,-0.25,0,0,-0.0,-0.0,0,7.166666666666665
3,B.Pinion,SF,0,0.0,0.25,0.2,0,0.0,0.0,1,0.0,0.0,0.0,-0.8,0.4,0.30000000000000004,-0.25,0,0,-0.0,-0.0,0,1.0999999999999999
3,D.Colquitt,KC,0,0.0,0.25,0.0,0,0.0,0.0,1,0.0,0.0,0.0,-0.15000000000000002,0.8,0.6000000000000001,-0.0,0,0,-0.0,-0.0,0,2.5
3,M.Haack,MIA,0,0.4,0.25,0.1,3,0.75,0.0,4,0.75,0.0,0.0,0.2,0.5333333333333334,0.4,-0.0,0,0,-0.0,-0.0,0,10.383333333333333
3,J.Townsend,OAK,0,0.0,0.25,0.1,1,0.0,0.0,1,0.0,0.0,0.0,-0.7666666666666665,0,0.4,-0.0,0,0,-0.0,-0.0,0,1.9833333333333334
3,M.Wile,MIN,0,0.4,0.0,0.2,3,1.5,0.5,1,0.0,0.0,0.0,0.6799999999999997,-0.4,0.0,-0.0,0,0,-0.0,-0.0,0,6.879999999999999
3,C.Bojorquez,BUF,0,0.0,0.0,0.1,1,0.0,0.0,5,2.25,0.0,0.0,-0.18333333333333357,0.9,0.5,-0.0,0,0,-0.0,-0.0,0,9.566666666666666
3,R.Sanchez,IND,0,0.0,0.25,0.0,2,0.0,0.0,2,0.0,0.0,0.0,-0.060000000000000143,0.775,0.4,-0.0,0,0,-0.0,-0.0,0,5.365
3,C.Johnston,PHI,0,0.0,0.25,0.0,1,0.0,0.0,0,0.0,0.0,0.0,-0.2333333333333336,0.7000000000000001,0.4,-0.25,0,0,-0.0,-0.0,0,1.8666666666666663
3,J.Scott,GB,0,0.0,0.75,0.0,1,0.0,0.0,2,0.75,0.5,0.0,0.13999999999999987,-0.0,0.30000000000000004,-0.0,0,0,-0.0,-0.0,0,5.4399999999999995
3,T.Way,WAS,0,0.0,0.25,0.0,2,0.0,0.0,1,0.0,0.0,0.0,0.2,0.17500000000000002,0.5,-0.0,0,0,-0.0,-0.0,0,4.125
3,D.Kaser,LAC,-3,0.0,0.0,0.0,2,0.0,0.0,0,0.0,0.0,0.0,0.6000000000000001,0.5,0.2,-0.25,0,0,-0.0,-0.0,0,0.0500000000000001
3,J.Hekker,LA,0,0.0,0.0,0.0,0,0.0,0.0,0,0.0,0.0,0.0,0.4,-0.2,0.4,-0.25,0,0,-0.0,-0.0,0,0.3500000000000001
3,A.Lee,ARI,0,0.4,0.25,0.0,2,0.75,0.0,1,0.0,0.0,0.0,0.5750000000000001,-0.30000000000000004,0.2,-0.0,0,0,-0.0,-0.0,0,4.875000000000001
3,P.O'Donnell,CHI,0,0.4,0.0,0.0,1,0.75,0.0,1,0.0,0.0,0.0,0.7666666666666665,0.55,0.4,-0.25,0,0,-0.0,-0.0,0,4.616666666666667
3,C.Jones,DAL,0,0.0,0.5,0.1,3,0.0,0.0,1,0.0,0.0,0.0,0.30000000000000004,0.06666666666666661,0.30000000000000004,-0.0,0,0,-0.0,-0.0,0,5.266666666666666
3,M.Dickson,SEA,0,0.0,0.25,0.2,1,0.75,0.0,2,0.75,0.0,0.0,-0.125,0.4,0.4,-0.0,0,0,-0.0,-0.0,0,5.625000000000001
3,S.Martin,DET,0,0.0,0.25,0.1,1,0.0,0.0,1,0.0,0.0,0.0,0.0,0,0.6000000000000001,-0.0,0,0,-0.0,-0.0,0,2.95
3,R.Allen,NE,0,0.0,0.0,0.1,1,0.0,0.0,1,0.0,0.0,0.0,-0.16000000000000014,-0.033333333333333395,0.2,-0.0,0,0,-0.0,-0.0,0,2.1066666666666665
3,J.Berry,PIT,0,0.4,0.25,0.0,1,0.0,0.0,2,0.75,0.5,0.0,0.060000000000000143,0.9,0.30000000000000004,-0.5,0,0,-0.0,-0.0,0,5.660000000000001
3,B.Anger,TB,0,0.0,0.25,0.0,1,0.75,0.0,1,0.75,0.0,0.0,-0.30000000000000004,-0.7000000000000001,0.5,-0.0,0,0,-0.0,-0.0,0,3.25
4,J.Hekker,LA,0,0.0,0.0,0.1,0,0.0,0.0,0,0.0,0.0,0.0,-0.9500000000000001,0,0.6000000000000001,-0.25,0,0,-0.0,-0.0,0,-0.5
4,M.Wile,MIN,0,0.0,0.5,0.0,0,0.0,0.0,1,0.0,0.0,0.0,-0.525,0.5,0.5,-0.0,0,0,-0.0,-0.0,0,1.975
4,M.Bosher,ATL,0,0.0,0.0,0.0,0,0.0,0.0,0,0.0,0.0,0.0,-0.4,-0.4,0.6000000000000001,-0.0,0,0,-0.0,-0.0,0,-0.19999999999999996
4,K.Huber,CIN,-3,0.0,0.25,0.0,0,0.0,0.0,1,0.75,0.0,0.0,-1.4000000000000001,0,0.5,-0.0,0,0,-0.0,-0.0,0,-1.9000000000000004
4,B.Anger,TB,0,0.0,0.25,0.1,1,0.0,0.0,1,0.0,0.0,0.0,-0.2200000000000003,0.43333333333333335,0.2,-0.0,0,0,-0.0,-0.0,0,2.7633333333333336
4,P.O'Donnell,CHI,0,0.0,0.25,0.0,1,0.0,0.0,0,0.0,0.0,0.0,0.30000000000000004,0.7000000000000001,0.8,-0.0,0,0,-0.0,-0.0,0,3.05
4,S.Martin,DET,0,0.4,0.75,0.0,1,0.0,0.0,2,0.0,0.0,0.0,-0.225,0,0.4,-0.0,0,0,-0.0,-0.0,0,4.325
4,C.Jones,DAL,0,0.0,0.25,0.0,3,0.0,0.0,1,0.0,0.0,0.0,-0.6000000000000001,-0.0,0.6000000000000001,-0.0,0,0,-0.0,-0.0,0,4.25
4,C.Bojorquez,BUF,0,0.0,0.5,0.1,1,0.0,0.0,4,0.0,0.0,0.0,-0.15000000000000002,0.5,0.0,-0.0,0,0,-0.0,-0.0,0,5.949999999999999
4,J.Scott,GB,0,0.4,0.5,0.0,1,0.0,0.0,2,0.75,0.0,0.0,-0.225,1.0,0.4,-0.25,0,0,-0.0,-0.0,0,5.575000000000001
4,R.Sanchez,IND,0,0.0,0.25,0.1,1,0.0,0.0,2,0.0,0.0,0.0,-0.1,-0.1,0.4,-0.0,0,0,-0.0,-0.0,0,3.55
4,T.Daniel,HOU,0,0.0,0.75,0.0,1,0.0,0.0,4,1.5,0.5,0.0,-0.36000000000000015,-1.0,0.6000000000000001,-0.25,0,0,-0.0,-0.0,0,6.74
4,L.Edwards,NYJ,0,0.4,0.0,0.2,3,0.75,0.0,1,0.75,0.0,0.0,0.4285714285714285,0.5333333333333334,0.2,-0.0,0,0,-0.0,-0.0,0,7.261904761904762
4,L.Cooke,JAX,0,0.0,0.25,0.0,1,0.0,0.0,3,0.75,0.5,0.0,0.125,0.2,0.5,-0.0,0,0,-0.0,-0.0,0,6.325
4,M.Haack,MIA,0,0.0,0.0,0.2,3,0.0,0.0,0,0.0,0.0,0.0,-0.3142857142857146,-0.0,0.1,-0.0,0,0,-0.0,-0.0,0,2.9857142857142858
4,R.Allen,NE,0,0.0,0.0,0.0,0,0.0,0.0,0,0.0,0.0,0.0,-0.5,-0.25,0.6000000000000001,-0.0,0,0,-0.0,-0.0,0,-0.1499999999999999
4,C.Johnston,PHI,0,1.2000000000000002,0.25,0.0,3,0.75,0.0,2,0.0,0.0,0.0,0.6333333333333336,0.5,0.5,-0.0,0,0,-0.0,-0.0,0,8.833333333333334
4,B.Kern,TEN,0,0.4,0.0,0.1,2,0.0,0.0,2,1.5,0.5,0.0,0.5799999999999997,-1.2000000000000002,0.4,-0.0,0,0,-0.0,-0.0,0,6.28
4,M.Dickson,SEA,0,0.4,0.25,0.1,2,0.0,0.0,2,0.75,0.0,0.0,0.25,0.9,0.4,-0.5,0,0,-0.0,-0.0,0,6.550000000000001
4,A.Lee,ARI,0,0.0,0.25,0.0,2,0.0,0.0,1,0.0,0.0,0.0,0.5600000000000002,-0.07500000000000001,0.30000000000000004,-0.5,0,0,-0.0,-0.0,0,3.535
4,J.Townsend,OAK,0,0.4,0.5,0.0,1,0.0,0.0,1,0.0,0.0,0.0,-0.05,0.4,0.6000000000000001,-0.5,0,0,-0.0,-0.0,0,3.35
4,B.Colquitt,CLE,0,0.0,0.5,0.0,3,0.0,0.0,2,0.0,0.0,0.0,0.5,-1.0600000000000003,0.4,-0.0,0,0,-0.0,-0.0,0,5.34
4,B.Pinion,SF,0,0.0,0.25,0.0,2,0.0,0.0,0,0.0,0.0,0.0,0.2,-1.1500000000000001,0.4,-0.0,0,0,-0.0,-0.0,0,1.7000000000000002
4,D.Kaser,LAC,0,0.0,0.25,0.0,1,0.0,0.0,3,0.75,0.0,0.0,-0.15000000000000002,0.65,0.30000000000000004,-0.75,0,0,-0.0,-0.0,0,5.05
4,T.Morstead,NO,0,0.0,0.5,0.0,1,0.0,0.0,0,0.0,0.0,0.0,0.25,0,0.7000000000000001,-0.0,0,0,-0.0,-0.0,0,2.45
4,R.Dixon,NYG,0,0.4,0.0,0.0,3,0.75,0.0,0,0.0,0.0,0.0,0.6000000000000001,0.4,0.2,-0.0,0,0,-0.0,-0.0,0,5.3500000000000005
4,J.Berry,PIT,0,0.0,1.0,0.0,0,0.0,0.0,1,0.75,0.0,0.0,-0.3799999999999997,0.5,0.2,-0.0,0,0,-0.0,-0.0,0,3.0700000000000003
4,S.Koch,BAL,0,0.4,0.25,0.1,1,0.0,0.0,2,0.0,0.0,0.0,-0.125,0.6000000000000001,0.6000000000000001,-0.0,0,0,-0.0,-0.0,0,4.824999999999999
4,M.King,DEN,0,0.0,0.0,0.2,1,0.0,0.0,1,0.0,0.0,0.0,-0.4,-2.8000000000000003,0.5,-0.0,0,0,-0.0,-0.0,0,-0.5
4,D.Colquitt,KC,0,0.8,0.25,0.0,0,0.0,0.0,0,0.0,0.0,0.0,-0.30000000000000004,0.7000000000000001,0.5,-0.0,0,0,-0.0,-0.0,0,1.9500000000000002
5,R.Sanchez,IND,0,0.0,0.0,0.0,1,0.0,0.0,1,0.75,0.0,0.0,0.2333333333333336,-0.1,0.4,-0.25,0,0,-0.0,-0.0,0,3.033333333333333
5,R.Allen,NE,0,0.0,0.25,0.1,2,0.0,0.0,1,0.75,0.0,0.0,0.325,-1.0,0.6000000000000001,-0.0,0,0,-0.0,-0.0,0,4.025
5,B.Kern,TEN,0,0.0,0.25,0.0,1,0.75,0.0,1,0.75,0.0,0.0,0.8,0.1,0.4,-0.0,0,0,-0.0,-0.0,0,5.05
5,C.Bojorquez,BUF,0,0.4,0.0,0.1,0,0.0,0.0,1,0.75,0.0,0.0,-0.125,-1.05,0.30000000000000004,-0.0,0,0,-0.0,-0.0,0,1.375
5,R.Dixon,NYG,0,0.0,0.25,0.0,1,0.0,0.0,1,0.75,0.0,0.0,0.45,1.2000000000000002,0.5,-0.0,0,0,-0.0,-0.0,0,5.15
5,M.Palardy,CAR,0,0.0,0.0,0.0,2,0.0,0.0,2,0.75,0.5,0.0,0.6000000000000001,0.4,0.6000000000000001,-0.0,0,0,-0.0,-0.0,0,6.85
5,M.Haack,MIA,0,0.0,0.75,0.0,2,0.0,0.0,4,0.0,0.0,0.0,-0.3200000000000003,-0.05,0.2,-0.0,0,0,-0.0,-0.0,0,6.58
5,K.Huber,CIN,0,0.0,0.0,0.1,2,0.0,0.0,1,0.75,0.0,0.0,-0.17500000000000002,-3.35,0.30000000000000004,-0.0,0,0,-0.0,-0.0,0,0.6250000000000002
5,S.Koch,BAL,0,0.4,0.75,0.0,2,0.0,0.0,6,0.75,0.0,0.0,0.07500000000000001,0.1333333333333333,0.30000000000000004,-0.0,0,0,-0.0,-0.0,0,10.408333333333333
5,B.Colquitt,CLE,0,0.4,0.5,0.1,5,0.75,0.0,3,0.0,0.0,0.0,0.5222222222222221,-0.2800000000000001,0.2,-0.5,0,0,-0.0,-0.0,0,9.692222222222222
5,S.Martin,DET,0,0.0,0.5,0.0,2,0.0,0.0,4,0.75,0.5,0.0,0.060000000000000143,0.8,0.5,-0.25,0,0,-0.0,-0.0,0,8.860000000000001
5,L.Cooke,JAX,0,0.0,0.0,0.2,0,0.0,0.0,2,0.75,0.5,0.0,-0.9,0.7000000000000001,0.2,-0.0,0,0,-0.0,-0.0,0,3.4500000000000006
5,D.Colquitt,KC,0,0.0,0.25,0.0,2,0.75,0.0,1,0.75,0.0,0.0,1.3,0.30000000000000004,0.5,-0.0,0,0,-0.0,-0.0,0,6.85
5,C.Wadman,DEN,0,0.0,0.5,0.2,2,0.0,0.0,3,0.75,0.0,0.0,-0.3875,-0.875,0.2,-0.0,0,0,-0.0,-0.0,0,5.3875
5,L.Edwards,NYJ,0,0.4,0.25,0.0,0,0.0,0.0,2,0.75,0.0,0.0,-0.03333333333333357,0.8,0.6000000000000001,-0.25,0,0,-0.0,-0.0,0,4.516666666666666
5,M.Bosher,ATL,-3,0.0,0.25,0.1,0,0.0,0.0,2,0.75,0.0,0.0,-0.6000000000000001,0,0.30000000000000004,-0.0,0,0,-0.0,-0.0,0,-0.19999999999999996
5,J.Berry,PIT,0,0.0,0.0,0.0,2,0.0,0.0,2,0.75,0.5,0.0,0.26666666666666644,0.75,0.4,-0.25,0,0,-0.0,-0.0,0,6.416666666666667
5,J.Townsend,OAK,0,0.0,0.0,0.0,3,0.0,0.0,0,0.0,0.0,0.0,0.42500000000000004,0.025,0.2,-0.25,0,0,-0.0,-0.0,0,3.4
5,D.Jones,LAC,0,0.0,0.5,0.0,1,0.0,0.0,3,0.75,0.0,0.0,-0.2,0.7000000000000001,0.4,-0.5,0,0,-0.0,-0.0,0,5.65
5,C.Johnston,PHI,0,0.0,0.25,0.0,2,0.0,0.0,2,0.0,0.0,0.0,0.17500000000000002,-0.2,0.30000000000000004,-0.0,0,0,-0.0,-0.0,0,4.5249999999999995
5,M.Wile,MIN,0,0.0,0.0,0.1,0,0.0,0.0,0,0.0,0.0,0.0,-0.6000000000000001,0,0.4,-0.5,0,0,-0.0,-0.0,0,-0.6000000000000001
5,B.Pinion,SF,0,0.4,0.25,0.0,1,0.0,0.0,1,0.75,0.0,0.0,-0.07500000000000001,0.9,0.0,-0.25,0,0,-0.0,-0.0,0,3.9749999999999996
5,A.Lee,ARI,0,0.0,0.25,0.1,3,0.0,0.0,5,0.75,0.0,0.0,-0.5375,0.8,0.30000000000000004,-0.0,0,0,-0.0,-0.0,0,9.662500000000001
5,J.Hekker,LA,0,0.0,0.0,0.0,0,0.0,0.0,1,0.0,0.0,0.0,-0.7000000000000001,1.2000000000000002,0.5,-0.25,0,0,-0.0,-0.0,0,1.75
5,M.Dickson,SEA,0,0.4,0.25,0.0,2,0.0,0.0,1,0.0,0.0,0.0,-1.05,-0.2,0.5,-0.0,0,0,-0.0,-0.0,0,2.8999999999999995
5,C.Jones,DAL,0,0.4,0.5,0.0,2,0.0,0.0,2,0.75,0.5,0.0,-0.1,-0.06666666666666661,0.5,-0.0,0,0,-0.0,-0.0,0,6.483333333333334
5,T.Daniel,HOU,0,0.4,0.0,0.0,2,0.75,0.0,1,0.0,0.0,0.0,0.8333333333333336,-0.2,0.5,-0.25,0,0,-0.0,-0.0,0,5.033333333333334
5,T.Way,WAS,0,0.0,0.5,0.0,0,0.0,0.0,1,0.0,0.0,0.0,-0.8333333333333336,0.9,0.30000000000000004,-0.0,0,0,-0.0,-0.0,0,1.8666666666666665
6,C.Johnston,PHI,0,0.0,0.25,0.0,3,0.0,0.0,2,0.75,0.0,0.0,0.30000000000000004,0.9,0.6000000000000001,-0.25,0,0,-0.0,-0.0,0,7.550000000000001
6,R.Dixon,NYG,0,0.0,0.0,0.0,5,0.0,0.0,2,0.0,0.0,0.0,0.5600000000000002,-0.040000000000000036,0.30000000000000004,-0.25,0,0,-0.0,-0.0,0,7.57
6,M.Bosher,ATL,0,0.0,0.0,0.1,2,0.0,0.0,1,0.0,0.0,0.0,0.0,0.15000000000000002,0.6000000000000001,-0.0,0,0,-0.0,-0.0,0,3.85
6,B.Anger,TB,0,0.0,0.0,0.0,0,0.0,0.0,1,0.0,0.0,0.0,-0.45,0.2,0.30000000000000004,-0.25,0,0,-0.0,-0.0,0,0.8
6,J.Berry,PIT,0,0.0,0.5,0.1,1,0.75,0.0,3,0.0,0.0,0.0,-0.2,0.30000000000000004,0.4,-0.0,0,0,-0.0,-0.0,0,5.85
6,K.Huber,CIN,0,0.0,0.75,0.0,3,1.5,0.0,4,0.0,0.0,0.0,0.0,-0.2,0.30000000000000004,-0.0,0,0,-0.0,-0.0,0,9.350000000000001
6,B.Colquitt,CLE,0,0.0,0.25,0.0,1,0.0,0.0,5,1.5,0.5,0.0,-0.46666666666666645,-0.30000000000000004,0.2,-0.0,0,0,-0.0,-0.0,0,7.683333333333334
6,D.Jones,LAC,0,0.0,0.25,0.0,0,0.0,0.0,0,0.0,0.0,0.0,-0.33999999999999986,-0.375,0.6000000000000001,-0.0,0,0,-0.0,-0.0,0,0.13500000000000023
6,C.Bojorquez,BUF,-3,0.0,0.0,0.0,2,0.75,0.0,2,1.5,0.0,0.0,0.36000000000000015,0.6666666666666666,0.30000000000000004,-0.0,0,0,-0.0,-0.0,0,4.576666666666667
6,T.Daniel,HOU,0,0.0,0.0,0.1,1,0.0,0.0,2,0.0,0.0,0.0,-0.4399999999999999,0.6333333333333334,0.30000000000000004,-0.0,0,0,-0.0,-0.0,0,3.5933333333333337
6,M.Haack,MIA,0,0.4,0.25,0.0,0,0.0,0.0,2,0.75,0.0,0.0,-0.45,0.4,0.5,-0.0,0,0,-0.0,-0.0,0,3.8499999999999996
6,P.O'Donnell,CHI,0,0.0,0.25,0.1,0,0.0,0.0,1,0.0,0.0,0.0,-0.55,0,0.4,-0.25,0,0,-0.0,-0.0,0,0.9500000000000002
6,A.Lee,ARI,0,0.0,0.5,0.0,3,0.75,0.0,1,0.0,0.0,0.0,0.30000000000000004,0.033333333333333395,0.2,-0.0,0,0,-0.0,-0.0,0,5.783333333333333
6,M.Wile,MIN,0,0.0,0.25,0.0,2,0.0,0.0,2,0.75,0.0,0.0,0.0,0.3333333333333333,0.5,-0.0,0,0,-0.0,-0.0,0,5.833333333333333
6,R.Sanchez,IND,0,0.0,0.25,0.0,0,0.0,0.0,0,0.0,0.0,0.0,0.15000000000000002,0.30000000000000004,0.6000000000000001,-0.0,0,0,-0.0,-0.0,0,1.3000000000000003
6,L.Edwards,NYJ,0,0.0,0.0,0.0,0,0.0,0.0,0,0.0,0.0,0.0,-0.2,0,0.9,-0.0,0,0,-0.0,-0.0,0,0.7
6,J.Townsend,OAK,0,0.0,0.0,0.1,0,0.0,0.0,0,0.0,0.0,0.0,-1.4333333333333333,0.9,0.1,-0.25,0,0,-0.0,-0.0,0,-0.5833333333333333
6,M.Dickson,SEA,0,0.0,0.25,0.1,1,0.0,0.0,2,0.0,0.0,0.0,-0.2,0,0.5,-0.0,0,0,-0.0,-0.0,0,3.65
6,M.Palardy,CAR,0,0.4,0.25,0.0,1,0.0,0.0,0,0.0,0.0,0.0,-0.06666666666666643,-0.1,0.1,-0.25,0,0,-0.0,-0.0,0,1.3333333333333335
6,T.Way,WAS,0,0.0,0.25,0.0,1,0.0,0.0,2,1.5,0.5,0.0,-0.4,0.9,0.5,-0.0,0,0,-0.0,-0.0,0,6.25
6,C.Wadman,DEN,0,0.0,0.5,0.0,0,0.0,0.0,2,0.75,0.0,0.0,-0.275,-0.55,0.4,-0.0,0,0,-0.0,-0.0,0,2.8249999999999997
6,J.Hekker,LA,0,0.0,0.25,0.1,1,0.0,0.0,3,1.5,0.5,0.0,-0.5,0,0.5,-0.25,0,0,-0.0,-0.0,0,6.1
6,L.Cooke,JAX,0,0.4,0.25,0.2,2,0.75,0.0,2,0.0,0.0,0.0,-0.3666666666666665,0.45,0.1,-0.0,0,0,-0.0,-0.0,0,5.783333333333333
6,C.Jones,DAL,0,0.0,0.5,0.0,0,0.0,0.0,1,0.75,0.5,0.0,-0.4,0.1,0.8,-0.0,0,0,-0.0,-0.0,0,3.25
6,B.Kern,TEN,0,0.0,0.5,0.30000000000000004,1,0.0,0.0,3,0.75,0.0,0.0,-0.3333333333333336,-0.35000000000000003,0.0,-0.0,0,0,-0.0,-0.0,0,4.866666666666666
6,S.Koch,BAL,0,0.0,0.0,0.2,0,0.0,0.0,2,0.75,0.5,0.0,-0.125,0.9,0.30000000000000004,-0.0,0,0,-0.0,-0.0,0,4.525
6,D.Colquitt,KC,0,0.0,0.0,0.0,1,0.0,0.0,0,0.0,0.0,0.0,0.6000000000000001,0,0.8,-0.0,0,0,-0.0,-0.0,0,2.4000000000000004
6,B.Pinion,SF,0,0.0,0.5,0.0,0,0.0,0.0,0,0.0,0.0,0.0,-0.30000000000000004,0.30000000000000004,0.6000000000000001,-0.0,0,0,-0.0,-0.0,0,1.1
6,J.Scott,GB,0,0.4,0.5,0.0,0,0.0,0.0,1,0.0,0.0,0.0,-0.625,0.9,0.7000000000000001,-0.0,0,0,-0.0,-0.0,0,2.875
7,A.Lee,ARI,0,0.0,0.25,0.1,4,0.0,0.0,1,0.75,0.0,0.0,0.5666666666666664,0.1333333333333333,0.2,-0.0,0,0,-0.0,-0.0,0,6.999999999999999
7,C.Wadman,DEN,0,0.0,1.0,0.0,0,0.0,0.0,2,0.75,0.0,0.0,-0.15000000000000002,0.05,0.5,-0.0,0,0,-0.0,-0.0,0,4.15
7,B.Kern,TEN,0,0.0,0.0,0.0,1,0.0,0.0,0,0.0,0.0,0.0,0.65,0.2,0.30000000000000004,-0.25,0,0,-0.0,-0.0,0,1.9
7,D.Jones,LAC,0,0.0,0.25,0.0,0,0.0,0.0,3,0.75,0.0,0.0,-0.6666666666666665,0.9,0.4,-0.0,0,0,-0.0,-0.0,0,4.633333333333334
7,S.Koch,BAL,0,0.0,0.25,0.0,1,0.0,0.0,2,0.75,0.5,0.25,0.06666666666666643,-0.30000000000000004,0.30000000000000004,-0.25,0,0,-0.0,-0.0,0,4.566666666666666
7,T.Morstead,NO,0,0.0,0.0,0.0,1,0.0,0.0,0,0.0,0.0,0.0,-0.1,0.1,0.4,-0.0,0,0,-0.0,-0.0,0,1.4
7,P.O'Donnell,CHI,-3,0.0,0.25,0.0,1,0.0,0.0,1,0.75,0.0,0.0,-0.17500000000000002,0.75,0.5,-0.0,0,0,-0.0,-0.0,0,1.075
7,R.Allen,NE,0,0.4,0.0,0.2,1,0.0,0.0,0,0.0,0.0,0.0,-0.225,-0.8,0.5,-0.0,0,0,-0.0,-0.0,0,1.075
7,R.Sanchez,IND,0,0.0,0.5,0.0,1,0.75,0.0,2,0.75,0.0,0.0,0.2,0,0.30000000000000004,-0.5,0,0,-0.0,-0.0,0,5.0
7,C.Bojorquez,BUF,0,0.0,1.0,0.0,1,0.0,0.0,3,0.0,0.0,0.0,0.125,0,0.1,-0.0,0,0,-0.0,-0.0,0,5.225
7,L.Cooke,JAX,0,0.8,0.0,0.30000000000000004,3,0.0,0.0,2,0.75,0.0,0.0,0.06666666666666643,0.9,0.1,-0.0,0,0,-0.0,-0.0,0,7.916666666666666
7,T.Daniel,HOU,0,0.4,0.75,0.0,3,0.75,0.0,4,0.75,0.5,0.25,0.11666666666666643,-1.2000000000000002,0.4,-0.0,0,0,-0.0,-0.0,0,9.716666666666667
7,K.Huber,CIN,0,0.4,0.0,0.0,3,0.75,0.0,2,0.0,0.0,0.0,0.6600000000000001,0.35000000000000003,0.2,-0.0,0,0,-0.0,-0.0,0,7.36
7,S.Martin,DET,0,0.0,0.0,0.0,1,0.75,0.0,0,0.0,0.0,0.0,1.6,-1.0,0.6000000000000001,-0.0,0,0,-0.0,-0.0,0,2.95
7,M.Haack,MIA,0,0.0,0.0,0.0,1,0.0,0.0,2,0.75,0.5,0.0,0.05,0.15000000000000002,0.30000000000000004,-0.25,0,0,-0.0,-0.0,0,4.5
7,L.Edwards,NYJ,0,0.0,0.0,0.2,4,0.75,0.0,1,0.0,0.0,0.0,0.21250000000000002,-0.05,0.30000000000000004,-0.0,0,0,-0.0,-0.0,0,6.4125000000000005
7,M.Wile,MIN,0,0.0,0.75,0.2,4,1.5,0.0,4,0.75,0.0,0.0,0.275,0.5,0.7000000000000001,-0.25,0,0,-0.0,-0.0,0,12.424999999999999
7,C.Johnston,PHI,0,0.0,0.0,0.1,1,0.0,0.0,1,0.0,0.0,0.0,0.0,0.30000000000000004,0.30000000000000004,-0.25,0,0,-0.0,-0.0,0,2.45
7,M.Palardy,CAR,0,0.4,0.0,0.0,1,0.0,0.0,3,1.5,0.5,0.0,-0.3200000000000003,0.2,0.1,-0.25,0,0,-0.0,-0.0,0,6.13
7,B.Colquitt,CLE,0,0.8,0.0,0.1,5,0.75,0.5,3,1.5,1.0,0.25,0.6666666666666665,0.4,0.30000000000000004,-0.0,0,0,-0.0,-0.0,0,14.266666666666667
7,B.Anger,TB,0,0.4,0.25,0.0,2,0.0,0.0,1,0.75,0.0,0.0,0.17500000000000002,-1.4000000000000001,0.4,-0.5,0,0,-0.0,-0.0,0,3.0749999999999997
7,C.Jones,DAL,0,0.4,0.5,0.0,4,0.0,0.0,0,0.0,0.0,0.0,-0.33999999999999986,-0.0,0.4,-0.25,0,0,-0.0,-0.0,0,4.710000000000001
7,T.Way,WAS,0,0.0,0.5,0.0,0,0.0,0.0,5,0.0,0.0,0.0,-0.7166666666666665,0.5333333333333334,0.30000000000000004,-0.0,0,0,-0.0,-0.0,0,5.616666666666666
7,B.Pinion,SF,-3,0.0,0.0,0.2,1,0.0,0.0,2,0.0,0.0,0.0,-0.5,-0.9,0.2,-0.0,0,0,-0.0,-0.0,0,-0.9999999999999998
7,J.Hekker,LA,0,0.0,0.25,0.1,1,0.0,0.0,1,0.75,0.0,0.0,-1.4500000000000002,0.30000000000000004,0.7000000000000001,-0.0,0,0,-0.0,-0.0,0,2.65
7,M.Bosher,ATL,0,0.0,0.25,0.0,0,0.0,0.0,2,0.0,0.0,0.0,-0.06666666666666643,-0.55,0.5,-0.0,0,0,-0.0,-0.0,0,2.1333333333333337
7,R.Dixon,NYG,0,0.0,0.5,0.0,1,0.0,0.0,2,0.75,0.5,0.25,-0.42500000000000004,0,0.2,-0.0,0,0,-0.0,-0.0,0,4.775
8,T.Daniel,HOU,0,0.4,0.5,0.0,1,0.0,0.0,1,0.0,0.0,0.0,-0.27999999999999975,-0.55,0.6000000000000001,-0.0,0,0,-0.0,-0.0,0,2.6700000000000004
8,M.Haack,MIA,0,0.0,0.75,0.0,2,0.75,0.0,3,0.75,0.0,0.0,0.2,-0.4,0.5,-0.0,0,0,-0.0,-0.0,0,7.55
8,L.Cooke,JAX,0,0.0,0.0,0.0,1,0.0,0.0,1,0.75,0.0,0.0,0.30000000000000004,0.9,0.4,-0.0,0,0,-0.0,-0.0,0,4.35
8,C.Johnston,PHI,0,0.0,0.25,0.0,2,0.75,0.0,0,0.0,0.0,0.0,0.6666666666666665,-0.65,0.4,-0.0,0,0,-0.0,-0.0,0,3.4166666666666665
8,M.Palardy,CAR,0,0.0,0.0,0.1,1,0.0,0.0,2,1.5,0.5,0.25,0.06666666666666643,-1.4000000000000001,0.6000000000000001,-0.0,0,0,-0.0,-0.0,0,4.616666666666665
8,S.Koch,BAL,0,0.0,0.0,0.0,2,0.0,0.0,1,0.75,0.5,0.25,0.6000000000000001,-0.15000000000000002,0.30000000000000004,-0.0,0,0,-0.0,-0.0,0,5.249999999999999
8,L.Edwards,NYJ,0,0.0,0.0,0.2,1,0.0,0.0,1,0.0,0.0,0.0,-0.28750000000000003,-0.0,0.2,-0.0,0,0,-0.0,-0.0,0,2.1125000000000003
8,P.O'Donnell,CHI,0,0.8,0.5,0.0,1,0.0,0.0,2,0.0,0.0,0.0,0.0,0.1,0.4,-0.25,0,0,-0.0,-0.0,0,4.55
8,K.Huber,CIN,0,0.0,0.5,0.1,2,0.0,0.0,3,0.0,0.0,0.0,-0.11666666666666643,0.1,0.4,-0.25,0,0,-0.0,-0.0,0,5.733333333333333
8,B.Anger,TB,0,0.0,0.25,0.0,1,0.75,0.0,0,0.0,0.0,0.0,0.46666666666666645,-0.55,0.4,-0.25,0,0,-0.0,-0.0,0,2.0666666666666664
8,S.Martin,DET,0,0.4,0.0,0.1,2,0.0,0.0,1,0.75,0.0,0.0,0.025,-0.1,0.2,-0.0,0,0,-0.0,-0.0,0,4.375000000000001
8,M.Dickson,SEA,0,0.0,0.25,0.0,2,0.75,0.0,2,0.75,0.0,0.0,0.45,0.5,0.4,-0.0,0,0,-0.0,-0.0,0,7.1000000000000005
8,C.Wadman,DEN,0,0.0,0.0,0.1,2,0.0,0.0,1,0.75,0.0,0.0,-0.125,0.4,0.30000000000000004,-0.25,0,0,-0.0,-0.0,0,4.175
8,D.Colquitt,KC,0,0.4,0.0,0.0,1,0.0,0.0,3,0.0,0.0,0.0,-0.5799999999999997,0.25,0.4,-0.25,0,0,-0.0,-0.0,0,4.220000000000001
8,T.Way,WAS,0,0.0,0.0,0.0,2,0.0,0.0,3,0.0,0.0,0.0,0.4200000000000003,0.45,0.4,-0.25,0,0,-0.0,-0.0,0,6.0200000000000005
8,R.Dixon,NYG,0,0.0,0.25,0.30000000000000004,1,0.0,0.0,3,0.75,0.5,0.0,-0.1,0,0.30000000000000004,-0.0,0,0,-0.0,-0.0,0,6.0
8,J.Berry,PIT,0,0.0,0.25,0.0,0,0.0,0.0,2,0.75,0.5,0.0,-0.1,-0.4,0.5,-0.0,0,0,-0.0,-0.0,0,3.5
8,B.Colquitt,CLE,0,0.0,0.5,0.0,2,0.0,0.0,0,0.0,0.0,0.0,0.2,-0.6333333333333334,0.2,-0.5,0,0,-0.0,-0.0,0,1.766666666666667
8,R.Sanchez,IND,0,0.0,0.0,0.0,0,0.0,0.0,0,0.0,0.0,0.0,0.1,1.0,0.6000000000000001,-0.0,0,0,-0.0,-0.0,0,1.7000000000000002
8,J.Townsend,OAK,0,0.0,0.0,0.0,1,0.0,0.0,0,0.0,0.0,0.0,-0.5,-0.1,0.4,-0.0,0,0,-0.0,-0.0,0,0.8
8,B.Pinion,SF,0,0.0,1.25,0.2,0,0.0,0.0,4,1.5,0.0,0.0,-0.4285714285714285,0,0.30000000000000004,-0.0,0,0,-0.0,-0.0,0,6.821428571428571
8,A.Lee,ARI,0,0.0,0.25,0.0,2,0.0,0.0,1,0.75,0.0,0.0,0.07999999999999972,0.1,0.2,-0.0,0,0,-0.0,-0.0,0,4.38
8,J.Scott,GB,0,0.4,0.0,0.0,2,0.0,0.0,0,0.0,0.0,0.0,-0.2200000000000003,0.8,0.5,-0.0,0,0,-0.0,-0.0,0,3.4799999999999995
8,J.Hekker,LA,0,0.0,0.5,0.30000000000000004,2,0.0,0.0,3,1.5,1.0,0.25,0.01428571428571459,-0.4,0.30000000000000004,-0.0,3,0,-0.0,-0.0,0,11.464285714285715
8,T.Morstead,NO,0,0.0,0.25,0.0,1,0.0,0.0,1,0.75,0.0,0.0,-0.2,0.5,0.5,-0.0,0,0,-0.0,-0.0,0,3.8
8,M.Wile,MIN,0,0.0,0.25,0.0,0,0.0,0.0,1,0.0,0.0,0.0,-0.45,-0.6000000000000001,0.2,-0.25,0,0,-0.0,-0.0,0,0.14999999999999997
8,R.Allen,NE,0,0.0,0.0,0.1,1,0.0,0.0,0,0.0,0.0,0.0,-0.8,-0.75,0.4,-0.25,0,0,-0.0,-0.0,0,-0.29999999999999993
8,C.Bojorquez,BUF,0,0.8,0.5,0.0,1,0.0,0.0,2,0.75,0.0,0.0,-0.5399999999999999,0,0.2,-0.0,0,0,-0.0,-0.0,0,4.71
9,B.Pinion,SF,0,0.4,0.25,0.0,2,0.75,0.0,1,0.75,0.0,0.0,0.9666666666666665,0,0.6000000000000001,-0.0,0,0,-0.0,-0.0,0,6.716666666666667
9,J.Townsend,OAK,0,0.0,0.5,0.0,0,0.0,0.0,2,0.0,0.0,0.0,-0.75,0.6000000000000001,0.1,-0.25,0,0,-0.0,-0.0,0,2.2
9,S.Koch,BAL,0,0.4,0.0,0.0,2,0.0,0.0,1,0.0,0.0,0.0,0.225,0.3333333333333333,0.4,-0.0,0,0,-0.0,-0.0,0,4.358333333333333
9,B.Roethlisberger,PIT,0,0.0,0.0,0.0,0,0.0,0.0,0,0.0,0.0,0.0,-1.8,-0.9,0.0,-0.0,0,0,-0.0,-0.0,0,-2.7
9,J.Berry,PIT,0,0.0,0.5,0.0,0,0.0,0.0,1,0.0,0.0,0.0,-0.4,-0.0,0.30000000000000004,-0.25,0,0,-0.0,-0.0,0,1.1500000000000001
9,P.O'Donnell,CHI,0,0.0,0.25,0.0,1,0.75,0.0,4,0.0,0.0,0.0,-0.5,0.25,0.5,-0.0,0,0,-0.0,-0.0,0,6.25
9,C.Schmidt,BUF,0,0.0,0.25,0.2,0,0.0,0.0,1,0.0,0.0,0.0,-0.7399999999999999,-1.5,0.1,-0.0,0,0,-0.0,-0.0,0,-0.69
9,B.Anger,TB,0,0.0,0.5,0.1,1,0.0,0.0,2,0.75,0.0,0.0,0.12000000000000029,-0.30000000000000004,0.4,-0.0,0,0,-0.0,-0.0,0,4.57
9,M.Palardy,CAR,0,0.0,0.25,0.0,2,0.0,0.0,1,0.0,0.0,0.0,0.5,0.15000000000000002,0.6000000000000001,-0.0,0,0,-0.0,-0.0,0,4.5
9,B.Colquitt,CLE,-3,0.0,0.0,0.0,0,0.0,0.0,1,0.75,0.0,0.0,-0.6000000000000001,0,0.1,-0.0,0,0,-0.0,-0.0,0,-1.75
9,D.Colquitt,KC,0,0.0,0.25,0.0,0,0.0,0.0,2,0.75,0.0,0.0,-1.35,0.8,0.5,-0.25,0,0,-0.0,-0.0,0,2.7
9,M.Haack,MIA,0,0.0,1.5,0.0,2,0.0,0.0,7,0.0,0.0,0.0,-0.03333333333333357,0.05,0.2,-0.0,0,0,-0.0,-0.0,0,10.716666666666667
9,L.Edwards,NYJ,0,0.0,0.75,0.0,2,0.75,0.0,1,0.75,0.0,0.0,0.11666666666666643,-0.3333333333333334,0.2,-0.25,0,0,-0.0,-0.0,0,4.983333333333333
9,S.Martin,DET,0,0.0,1.0,0.0,1,0.0,0.0,1,0.0,0.0,0.0,-0.060000000000000143,-1.5,0.30000000000000004,-0.0,0,0,-0.0,-0.0,0,1.74
9,M.Wile,MIN,0,0.0,0.5,0.0,0,0.0,0.0,3,1.5,1.0,0.25,-0.42500000000000004,0,0.30000000000000004,-0.0,0,0,-0.0,-0.0,0,6.125
9,M.Bosher,ATL,0,0.0,0.25,0.0,1,0.0,0.0,1,0.0,0.0,0.0,0.65,0.9,0.6000000000000001,-0.0,0,0,-0.0,-0.0,0,4.4
9,T.Way,WAS,0,0.0,0.75,0.0,3,0.75,0.0,4,0.0,0.0,0.0,0.4,0.5,0.2,-0.0,0,0,-0.0,-0.0,0,9.6
9,C.Wadman,DEN,0,0.0,0.0,0.30000000000000004,2,0.0,0.0,1,0.0,0.0,0.0,0.2200000000000003,0.1,0.30000000000000004,-0.5,0,0,-0.0,-0.0,0,3.42
9,T.Daniel,HOU,0,0.0,0.0,0.0,4,0.75,0.0,4,0.0,0.0,0.0,0.6166666666666665,0.6166666666666667,0.30000000000000004,-0.25,0,0,-0.0,-0.0,0,10.033333333333335
9,M.Dickson,SEA,0,0.0,0.0,0.2,4,0.75,0.0,4,0.75,0.0,0.0,0.7833333333333337,0.47500000000000003,0.30000000000000004,-0.25,0,0,-0.0,-0.0,0,11.008333333333333
9,D.Jones,LAC,0,0.0,0.0,0.30000000000000004,1,0.0,0.0,2,0.0,0.0,0.0,-0.2,0.7666666666666667,0.1,-0.5,0,0,-0.0,-0.0,0,3.4666666666666663
9,J.Hekker,LA,0,0.0,0.0,0.1,0,0.0,0.0,0,0.0,0.0,0.0,0.2,0,0.5,-0.25,0,0,-0.0,-0.0,0,0.55
9,T.Morstead,NO,0,0.0,0.25,0.1,0,0.0,0.0,2,0.0,0.0,0.0,-1.1500000000000001,0,0.7000000000000001,-0.0,0,0,-0.0,-0.0,0,1.9
9,R.Allen,NE,0,0.0,0.0,0.2,2,0.0,0.0,2,0.75,0.0,0.0,0.46666666666666645,0,0.5,-0.0,0,0,-0.0,-0.0,0,5.916666666666667
9,J.Scott,GB,0,0.0,1.0,0.0,1,0.0,0.0,1,0.0,0.0,0.0,-0.30000000000000004,0.9,0.30000000000000004,-0.0,0,0,-0.0,-0.0,0,3.9000000000000004
9,C.Jones,DAL,0,0.0,0.5,0.0,0,0.0,0.0,0,0.0,0.0,0.0,-0.03333333333333357,0.4,0.2,-0.25,0,0,-0.0,-0.0,0,0.8166666666666664
9,B.Kern,TEN,0,0.0,0.0,0.0,0,0.0,0.0,1,0.0,0.0,0.0,0.0,0.2,0.4,-0.25,0,0,-0.0,-0.0,0,1.35
10,M.Palardy,CAR,0,0.0,0.75,0.0,0,0.0,0.0,2,0.75,0.0,0.0,-0.4,-0.1,0.30000000000000004,-0.0,0,0,-0.0,-0.0,0,3.3
10,J.Berry,PIT,0,0.0,0.0,0.0,1,0.0,0.0,1,0.0,0.0,0.0,-0.5,0,0.7000000000000001,-0.0,0,0,-0.0,-0.0,0,2.2
10,S.Martin,DET,0,0.0,0.5,0.0,1,0.0,0.0,1,0.75,0.0,0.0,-0.6000000000000001,-0.9,0.2,-0.0,0,0,-0.0,-0.0,0,1.95
10,P.O'Donnell,CHI,0,0.4,0.0,0.0,2,0.0,0.0,1,0.75,0.0,0.0,0.30000000000000004,-0.2,0.2,-1.0,0,0,-0.0,-0.0,0,3.45
10,K.Huber,CIN,0,0.0,0.75,0.0,0,0.0,0.0,1,0.0,0.0,0.0,-0.5750000000000001,0.7000000000000001,0.2,-0.0,0,0,-0.0,-0.0,0,2.075
10,M.Bosher,ATL,0,0.0,0.5,0.0,0,0.0,0.0,2,0.75,0.0,0.0,-0.5666666666666664,0.30000000000000004,0.2,-0.0,0,0,-0.0,-0.0,0,3.1833333333333336
10,B.Colquitt,CLE,0,0.0,0.5,0.0,2,0.0,0.0,3,0.0,0.0,0.0,0.17500000000000002,0.4,0.4,-0.0,0,0,-0.0,-0.0,0,6.4750000000000005
10,M.Haack,MIA,0,0.4,0.0,0.0,0,0.0,0.0,0,0.0,0.0,0.0,-0.65,-1.0,0.4,-0.0,0,0,-0.0,-0.0,0,-0.85
10,J.Scott,GB,-3,0.0,0.0,0.0,0,0.0,0.0,1,0.75,0.0,0.0,-0.8,0,0.5,-0.0,0,0,-0.0,-0.0,0,-1.5499999999999998
10,R.Sanchez,IND,0,0.0,0.25,0.0,1,0.0,0.0,1,0.75,0.5,0.0,0.1,0.8,0.30000000000000004,-0.25,0,0,-0.0,-0.0,0,4.45
10,L.Cooke,JAX,0,0.0,0.25,0.1,1,0.0,0.0,2,0.75,0.0,0.0,0.1,0.30000000000000004,0.4,-0.25,0,0,-0.0,-0.0,0,4.6499999999999995
10,A.Lee,ARI,0,0.4,0.0,0.2,2,0.0,0.0,1,0.0,0.0,0.0,0.4399999999999999,0.9,0.2,-0.0,0,0,-0.0,-0.0,0,5.140000000000001
10,D.Colquitt,KC,0,0.4,0.25,0.0,2,0.0,0.0,3,0.75,0.0,0.0,0.16000000000000014,0.6333333333333334,0.4,-0.0,0,0,-0.0,-0.0,0,7.593333333333335
10,L.Edwards,NYJ,0,0.0,0.0,0.1,3,0.75,0.0,1,0.0,0.0,0.0,-0.042857142857143066,-0.2800000000000001,0.2,-0.0,0,0,-0.0,-0.0,0,4.727142857142857
10,C.Schmidt,BUF,0,0.4,0.5,0.0,1,0.0,0.0,1,0.0,0.0,0.0,-0.15000000000000002,-0.6000000000000001,0.7000000000000001,-0.0,0,0,-0.0,-0.0,0,2.85
10,T.Way,WAS,0,0.0,0.5,0.0,3,0.0,0.0,4,1.5,0.5,0.0,0.4399999999999999,0.1,0.4,-0.0,0,0,-0.0,-0.0,0,10.44
10,B.Anger,TB,0,0.4,0.0,0.0,0,0.0,0.0,0,0.0,0.0,0.0,-0.1,0,0.1,-0.5,0,0,-0.0,-0.0,0,-0.09999999999999998
10,R.Allen,NE,0,0.4,0.25,0.0,3,0.75,0.0,2,0.75,0.0,0.0,0.46666666666666645,-0.5,0.2,-0.25,0,0,-0.0,-0.0,0,7.066666666666667
10,B.Kern,TEN,0,0.0,0.25,0.1,3,0.0,0.0,2,0.75,0.0,0.0,0.3200000000000003,-0.6000000000000001,0.6000000000000001,-0.0,0,0,-0.0,-0.0,0,6.42
10,J.Townsend,OAK,0,0.0,0.25,0.0,3,0.0,0.0,1,0.0,0.0,0.0,0.9,0.15000000000000002,0.2,-0.0,3,0,-0.0,-0.0,0,8.5
10,D.Jones,LAC,0,0.0,0.25,0.0,0,0.0,0.0,1,0.0,0.0,0.0,-0.225,0.6333333333333334,0.4,-0.0,0,0,-0.0,-0.0,0,2.058333333333333
10,M.Dickson,SEA,0,0.0,0.0,0.0,2,0.75,0.0,1,0.75,0.5,0.0,1.0,-0.2,0.5,-0.0,0,0,-0.0,-0.0,0,6.3
10,J.Hekker,LA,0,0.0,0.0,0.1,1,0.0,0.0,1,0.0,0.0,0.0,-0.05,-0.0,0.6000000000000001,-0.0,0,0,-0.0,-0.0,0,2.6500000000000004
10,C.Johnston,PHI,0,0.0,0.0,0.0,0,0.0,0.0,2,0.0,0.0,0.0,-0.1,0.9,0.4,-0.0,0,0,-0.0,-0.0,0,3.1999999999999997
10,C.Jones,DAL,0,0.0,0.0,0.0,0,0.0,0.0,0,0.0,0.0,0.0,-0.42500000000000004,0.2,0.5,-0.25,0,0,-0.0,-0.0,0,0.024999999999999967
10,B.Pinion,SF,0,0.0,0.25,0.0,0,0.0,0.0,1,0.0,0.0,0.0,-0.06666666666666643,0.2,0.5,-0.0,0,0,-0.0,-0.0,0,1.8833333333333335
10,R.Dixon,NYG,0,0.0,0.25,0.0,2,0.0,0.0,3,0.75,0.0,0.0,0.2600000000000002,-0.30000000000000004,0.5,-0.0,0,0,-0.0,-0.0,0,6.46
11,M.Dickson,SEA,0,0.0,0.0,0.1,3,0.0,0.0,0,0.0,0.0,0.0,0.7000000000000001,-0.1333333333333334,0.5,-0.0,0,0,-0.0,-0.0,0,4.166666666666667
11,J.Scott,GB,0,0.4,1.0,0.0,1,0.75,0.0,2,0.75,0.5,0.0,0.2333333333333336,0,0.4,-0.25,0,0,-0.0,-0.0,0,6.783333333333334
11,M.Bosher,ATL,0,0.0,0.5,0.0,0,0.0,0.0,2,0.0,0.0,0.0,-1.4000000000000001,0,0.5,-0.0,0,0,-0.0,-0.0,0,1.5999999999999999
11,C.Jones,DAL,0,0.0,0.75,0.0,1,0.0,0.0,1,0.0,0.0,0.0,-0.06666666666666643,0.2333333333333333,0.4,-0.25,0,0,-0.0,-0.0,0,3.066666666666667
11,K.Huber,CIN,0,0.0,0.75,0.0,1,0.0,0.0,1,0.0,0.0,0.0,-0.31666666666666643,0.2,0.30000000000000004,-0.25,0,0,-0.0,-0.0,0,2.6833333333333336
11,S.Koch,BAL,0,0.0,0.5,0.0,0,0.0,0.0,2,0.75,0.0,0.0,-0.5750000000000001,-1.4000000000000001,0.4,-0.0,0,0,-0.0,-0.0,0,1.6749999999999998
11,M.Wile,MIN,0,0.0,0.5,0.0,1,0.0,0.0,2,0.0,0.0,0.0,-0.05,-0.2,0.2,-0.0,0,0,-0.0,-0.0,0,3.45
11,P.O'Donnell,CHI,0,0.0,0.0,0.0,0,0.0,0.0,1,0.0,0.0,0.0,-0.9500000000000001,-0.1,0.30000000000000004,-0.0,0,0,-0.0,-0.0,0,0.24999999999999997
11,S.Martin,DET,0,0.4,0.25,0.1,3,0.0,0.0,3,2.25,0.5,0.0,0.18333333333333357,1.0,0.4,-0.0,0,0,-0.0,-0.0,0,11.083333333333334
11,M.Palardy,CAR,0,0.0,1.0,0.0,1,0.0,0.0,1,0.0,0.0,0.0,-0.060000000000000143,-0.1,0.1,-0.5,0,0,-0.0,-0.0,0,2.44
11,R.Sanchez,IND,0,0.0,0.25,0.0,1,0.0,0.0,3,0.75,0.0,0.0,0.2333333333333336,0,0.6000000000000001,-0.0,0,0,-0.0,-0.0,0,5.833333333333334
11,B.Kern,TEN,0,0.0,0.5,0.1,4,0.0,0.0,3,0.0,0.0,0.0,0.43333333333333357,-1.2666666666666668,0.2,-0.0,0,0,-0.0,-0.0,0,6.966666666666667
11,B.Anger,TB,0,0.0,0.0,0.0,0,0.0,0.0,0,0.0,0.0,0.0,-0.1,0.4,0.5,-0.0,0,0,-0.0,-0.0,0,0.8
11,R.Dixon,NYG,0,0.4,0.25,0.0,1,0.0,0.0,1,0.0,0.0,0.0,-0.35000000000000003,-0.1,0.5,-0.0,0,0,-0.0,-0.0,0,2.6999999999999997
11,T.Way,WAS,0,0.0,0.5,0.1,1,0.0,0.0,2,0.75,0.5,0.0,-0.4600000000000002,-0.7000000000000001,0.30000000000000004,-0.25,0,0,-0.0,-0.0,0,3.7399999999999993
11,T.Daniel,HOU,0,0.0,0.0,0.1,0,0.0,0.0,0,0.0,0.0,0.0,-1.5,0,0.4,-0.5,0,0,-0.0,-0.0,0,-1.5
11,J.Townsend,OAK,0,0.8,0.5,0.0,2,0.75,0.0,1,0.0,0.0,0.0,0.0125,-0.05,0.5,-0.0,0,0,-0.0,-0.0,0,5.5125
11,A.Lee,ARI,0,0.4,0.25,0.1,6,0.75,0.0,2,1.5,0.5,0.0,0.7250000000000001,0.125,0.30000000000000004,-0.0,0,0,-0.0,-0.0,0,12.65
11,C.Wadman,DEN,0,0.4,0.5,0.0,1,0.0,0.0,2,0.75,0.0,0.0,-0.020000000000000285,0.7000000000000001,0.30000000000000004,-0.0,3,0,-0.0,-0.0,0,8.629999999999999
11,D.Jones,LAC,0,0.0,0.5,0.0,0,0.0,0.0,1,0.75,0.0,0.0,-0.6000000000000001,0,0.4,-0.25,0,0,-0.0,-0.0,0,1.7999999999999998
11,C.Johnston,PHI,0,0.0,0.5,0.0,0,0.0,0.0,2,0.0,0.0,0.0,-0.525,0.25,0.1,-0.0,0,0,-0.0,-0.0,0,2.325
11,T.Morstead,NO,0,0.0,0.0,0.1,1,0.0,0.0,0,0.0,0.0,0.0,0.45,1.1,0.8,-0.0,0,0,-0.0,-0.0,0,3.45
11,L.Cooke,JAX,0,1.2000000000000002,0.5,0.0,3,0.0,0.0,1,0.0,0.0,0.0,0.11111111111111144,0.46666666666666673,0.4,-0.0,0,0,-0.0,-0.0,0,6.677777777777779
11,J.Berry,PIT,0,0.4,0.5,0.0,3,0.75,0.0,1,0.75,0.0,0.0,0.6000000000000001,-0.9,0.2,-0.0,0,0,-0.0,-0.0,0,6.3
11,D.Colquitt,KC,0,0.0,0.25,0.0,1,0.0,0.0,2,0.0,0.0,0.0,0.2333333333333336,1.2000000000000002,0.6000000000000001,-0.25,0,0,-0.0,-0.0,0,5.033333333333333
11,J.Hekker,LA,0,0.0,0.0,0.0,3,0.75,0.0,3,1.5,0.0,0.0,1.05,0.1666666666666667,0.6000000000000001,-0.25,0,0,-0.0,-0.0,0,9.816666666666666
12,S.Martin,DET,0,0.0,0.0,0.0,2,0.0,0.0,1,0.0,0.0,0.0,0.03999999999999986,-0.25,0.2,-0.0,0,0,-0.0,-0.0,0,2.99
12,P.O'Donnell,CHI,0,0.4,0.25,0.0,3,0.0,0.0,3,0.0,0.0,0.0,0.2,0.06666666666666661,0.2,-0.0,0,0,-0.0,-0.0,0,7.116666666666667
12,T.Way,WAS,0,0.0,0.5,0.1,3,0.0,0.0,4,2.25,0.5,0.0,0.060000000000000143,0,0.30000000000000004,-0.25,0,0,-0.0,-0.0,0,10.46
12,C.Jones,DAL,0,0.0,0.75,0.1,5,0.0,0.0,2,1.5,0.5,0.0,0.2833333333333336,-1.0833333333333333,0.5,-0.0,0,0,-0.0,-0.0,0,9.549999999999999
12,M.Bosher,ATL,0,0.0,0.25,0.0,1,0.0,0.0,0,0.0,0.0,0.0,0.30000000000000004,0.2,0.30000000000000004,-0.0,0,0,-0.0,-0.0,0,2.05
12,T.Morstead,NO,0,0.4,0.5,0.0,1,0.0,0.0,1,0.75,0.0,0.0,0.30000000000000004,0,0.5,-0.0,0,0,-0.0,-0.0,0,4.45
12,J.Townsend,OAK,0,0.0,0.25,0.0,2,0.0,0.0,1,0.0,0.0,0.0,-0.03333333333333357,-1.075,0.30000000000000004,-0.0,0,0,-0.0,-0.0,0,2.4416666666666664
12,S.Koch,BAL,0,0.0,0.0,0.0,1,0.0,0.0,1,0.75,0.0,0.0,0.2,1.2000000000000002,0.4,-0.0,0,0,-0.0,-0.0,0,4.550000000000001
12,C.Schmidt,BUF,0,0.4,0.25,0.1,2,0.0,0.0,2,1.5,1.0,0.25,-0.01428571428571459,-0.75,0.4,-0.0,0,0,-0.0,-0.0,0,7.135714285714286
12,L.Cooke,JAX,0,0.0,0.25,0.1,3,0.0,0.0,3,0.75,0.0,0.0,0.2833333333333336,0.46666666666666673,0.30000000000000004,-0.25,0,0,-0.0,-0.0,0,7.9
12,M.Dickson,SEA,0,0.0,0.0,0.0,2,0.75,0.0,0,0.0,0.0,0.0,0.7666666666666665,-0.05,0.6000000000000001,-0.0,0,0,-0.0,-0.0,0,4.066666666666666
12,M.Palardy,CAR,0,0.0,0.25,0.0,1,0.0,0.0,1,0.0,0.0,0.0,1.0,0,0.5,-0.25,0,0,-0.0,-0.0,0,3.5
12,K.Huber,CIN,0,0.0,0.0,0.0,1,0.0,0.0,1,0.75,0.0,0.0,0.45,0.6000000000000001,0.2,-0.25,0,0,-0.0,-0.0,0,3.75
12,B.Colquitt,CLE,0,0.0,0.0,0.0,1,0.0,0.0,1,0.75,0.0,0.0,0.2,-1.0,0.5,-0.0,0,0,-0.0,-0.0,0,2.45
12,R.Sanchez,IND,0,0.0,0.5,0.0,0,0.0,0.0,1,0.0,0.0,0.0,-1.0666666666666664,0.9,0.5,-0.25,0,0,-0.0,-0.0,0,1.5833333333333335
12,M.Haack,MIA,0,0.0,0.75,0.0,3,0.75,0.0,3,0.75,0.0,0.0,0.25,0.43333333333333335,0.4,-0.0,0,0,-0.0,-0.0,0,9.333333333333334
12,L.Edwards,NYJ,0,0.4,0.0,0.1,1,0.0,0.0,2,0.0,0.0,0.0,-0.060000000000000143,0.9,0.30000000000000004,-0.0,0,0,-0.0,-0.0,0,4.64
12,R.Allen,NE,0,0.4,0.0,0.2,1,0.0,0.0,1,0.0,0.0,0.0,0.1,0.8,0.5,-0.0,0,0,-0.0,-0.0,0,4.0
12,C.Johnston,PHI,0,0.4,0.25,0.0,2,0.0,0.0,2,0.75,0.0,0.0,0.525,-0.35000000000000003,0.30000000000000004,-0.0,0,0,-0.0,-0.0,0,5.875000000000001
12,R.Dixon,NYG,0,0.0,0.0,0.0,1,0.0,0.0,0,0.0,0.0,0.0,-0.06666666666666643,0.7000000000000001,0.4,-0.0,0,0,-0.0,-0.0,0,2.0333333333333337
12,B.Pinion,SF,0,0.0,0.75,0.1,2,0.0,0.0,3,0.0,0.0,0.0,-0.16666666666666644,0.30000000000000004,0.1,-0.25,0,0,-0.0,-0.0,0,5.833333333333333
12,B.Anger,TB,0,0.0,0.5,0.1,1,0.0,0.0,2,0.0,0.0,0.0,0.1,0.6000000000000001,0.5,-0.0,0,0,-0.0,-0.0,0,4.800000000000001
12,D.Jones,LAC,0,0.0,0.0,0.0,2,0.0,0.0,1,0.0,0.0,0.0,0.75,-1.7000000000000002,0.7000000000000001,-0.0,0,0,-0.0,-0.0,0,2.75
12,A.Lee,ARI,0,0.4,0.5,0.0,3,0.75,0.0,0,0.0,0.0,0.0,0.4200000000000003,-0.5,0.2,-0.25,0,0,-0.0,-0.0,0,4.5200000000000005
12,C.Wadman,DEN,0,0.0,0.5,0.1,3,0.0,0.0,1,0.75,0.5,0.0,0.2,0.6000000000000001,0.4,-0.0,0,0,-0.0,-0.0,0,7.050000000000001
12,J.Berry,PIT,0,0.0,0.5,0.0,1,0.0,0.0,2,0.0,0.0,0.0,-0.06666666666666643,0.30000000000000004,0.30000000000000004,-0.0,0,0,-0.0,-0.0,0,4.033333333333333
12,M.Wile,MIN,0,0.0,0.25,0.0,2,0.0,0.0,1,0.0,0.0,0.0,0.07500000000000001,-0.30000000000000004,0.4,-0.5,0,0,-0.0,-0.0,0,2.9250000000000003
12,J.Scott,GB,0,0.4,0.25,0.1,2,0.0,0.0,3,0.75,0.0,0.0,0.1,-0.1,0.30000000000000004,-0.0,0,0,-0.0,-0.0,0,6.8
12,T.Daniel,HOU,0,0.4,0.5,0.0,2,0.0,0.0,2,0.75,0.0,0.0,-0.020000000000000285,-0.05,0.6000000000000001,-0.0,0,0,-0.0,-0.0,0,6.18
12,B.Kern,TEN,0,0.0,0.25,0.1,4,0.0,0.0,2,0.0,0.0,0.0,0.46666666666666645,-0.3333333333333334,0.30000000000000004,-0.0,0,0,-0.0,-0.0,0,6.783333333333333
13,T.Morstead,NO,0,0.4,0.25,0.1,3,0.0,0.0,1,0.75,0.5,0.25,0.65,0.1,0.2,-0.0,0,0,-0.0,-0.0,0,7.2
13,C.Jones,DAL,0,0.0,0.75,0.1,6,0.0,0.0,1,0.0,0.0,0.0,0.6000000000000001,0.2,0.30000000000000004,-0.0,0,0,-0.0,-0.0,0,8.95
13,M.Bosher,ATL,0,0.4,0.75,0.0,4,0.0,0.0,3,0.0,0.0,0.0,0.5399999999999999,0.5,0.1,-0.0,0,0,-0.0,-0.0,0,9.29
13,S.Koch,BAL,0,0.4,0.25,0.0,1,0.75,0.0,1,0.0,0.0,0.0,0.2333333333333336,-0.9,0.5,-0.0,3,0,-0.0,-0.0,0,6.233333333333333
13,C.Wadman,DEN,0,0.0,0.5,0.2,2,0.0,0.0,4,0.75,0.0,0.0,-0.16666666666666644,0.7000000000000001,0.4,-0.25,0,0,-0.0,-0.0,0,8.133333333333335
13,K.Huber,CIN,0,0.4,0.0,0.1,3,0.75,0.0,1,0.0,0.0,0.0,-0.17142857142857154,0.7000000000000001,0.2,-0.0,0,0,-0.0,-0.0,0,5.978571428571429
13,S.Martin,DET,0,0.0,0.25,0.0,3,0.0,0.0,2,0.75,0.0,0.0,0.26666666666666644,0.30000000000000004,0.4,-0.0,0,0,-0.0,-0.0,0,6.966666666666667
13,J.Hekker,LA,0,0.4,0.25,0.0,2,0.0,0.0,1,0.75,0.5,0.0,0.5333333333333335,0,0.6000000000000001,-0.0,0,0,-0.0,-0.0,0,6.033333333333333
13,J.Scott,GB,0,0.8,0.0,0.0,4,0.0,0.0,2,0.0,0.0,0.0,0.3428571428571431,0.43333333333333335,0.30000000000000004,-0.25,0,0,-0.0,-0.0,0,7.626190476190477
13,A.Lee,ARI,0,0.0,0.25,0.0,2,0.75,0.0,3,0.75,0.0,0.0,-0.01666666666666643,-0.35000000000000003,0.4,-0.0,0,0,-0.0,-0.0,0,6.783333333333334
13,B.Colquitt,CLE,0,0.4,0.0,0.0,1,0.0,0.0,0,0.0,0.0,0.0,0.05,0.9,0.1,-0.0,0,0,-0.0,-0.0,0,2.45
13,T.Daniel,HOU,0,0.0,0.5,0.0,1,0.0,0.0,3,1.5,0.0,0.0,-0.7000000000000001,0,0.6000000000000001,-0.0,0,0,-0.0,-0.0,0,5.9
13,R.Sanchez,IND,0,0.8,0.75,0.0,4,0.0,0.0,3,0.0,0.0,0.0,0.46666666666666645,0.1,0.0,-0.0,0,0,-0.0,-0.0,0,9.116666666666667
13,L.Cooke,JAX,0,0.0,0.75,0.2,4,0.0,0.0,2,0.75,0.0,0.0,0.2,0.25,0.2,-0.0,0,0,-0.0,-0.0,0,8.35
13,M.Darr,BUF,0,0.0,0.0,0.1,2,0.0,0.0,2,0.0,0.0,0.0,0.07500000000000001,0.6000000000000001,0.1,-0.5,0,0,-0.0,-0.0,0,4.375
13,M.Haack,MIA,0,0.0,0.75,0.0,3,0.0,0.0,2,0.75,0.5,0.0,0.07142857142857154,0.9,0.30000000000000004,-0.0,0,0,-0.0,-0.0,0,8.271428571428572
13,P.O'Donnell,CHI,0,0.0,0.25,0.0,3,0.75,0.0,1,0.0,0.0,0.0,0.55,-0.30000000000000004,0.5,-0.0,0,0,-0.0,-0.0,0,5.75
13,R.Dixon,NYG,0,0.0,0.5,0.1,3,0.0,0.0,1,0.75,0.5,0.0,-0.07142857142857154,0.15000000000000002,0.5,-0.0,0,0,-0.0,-0.0,0,6.428571428571429
13,D.Jones,LAC,0,0.0,0.5,0.0,1,0.0,0.0,1,0.0,0.0,0.0,-0.875,0.45,0.30000000000000004,-0.25,0,0,-0.0,-0.0,0,2.125
13,J.Berry,PIT,0,0.0,0.25,0.1,2,0.75,0.0,2,0.0,0.0,0.0,0.6000000000000001,-6.4,0.4,-0.25,0,0,-0.0,-0.0,0,-0.550000000000001
13,B.Anger,TB,0,0.4,0.25,0.1,3,0.0,0.0,2,0.0,0.0,0.0,-0.05,0.6000000000000001,0.4,-0.0,0,0,-0.0,-0.0,0,6.700000000000001
13,M.Palardy,CAR,0,0.4,0.0,0.0,2,0.0,0.0,0,0.0,0.0,0.0,1.1500000000000001,0.9,0.30000000000000004,-0.0,0,0,-0.0,-0.0,0,4.75
13,J.Townsend,OAK,0,0.0,0.25,0.1,0,0.0,0.0,1,0.0,0.0,0.0,-1.4500000000000002,0,0.5,-0.0,0,0,-0.0,-0.0,0,0.3999999999999999
13,D.Colquitt,KC,0,0.0,0.5,0.0,0,0.0,0.0,0,0.0,0.0,0.0,-0.4,0,0.6000000000000001,-0.0,0,0,-0.0,-0.0,0,0.7000000000000001
13,B.Kern,TEN,-3,0.4,0.5,0.2,2,0.0,0.0,1,0.0,0.0,0.0,-0.06666666666666643,0.5,0.4,-0.0,0,0,-0.0,-0.0,0,1.9333333333333336
13,L.Edwards,NYJ,0,0.8,0.5,0.1,1,0.75,0.0,1,0.0,0.0,0.0,-0.05,0,0.5,-0.0,0,0,-0.0,-0.0,0,4.6000000000000005
13,M.Wile,MIN,0,0.0,0.25,0.1,1,0.0,0.0,2,0.0,0.0,0.0,0.060000000000000143,-0.06666666666666661,0.2,-0.25,0,0,-0.0,-0.0,0,3.293333333333334
13,R.Allen,NE,0,0.4,0.25,0.1,1,0.0,0.0,2,0.0,0.0,0.0,-0.35000000000000003,0.5,0.4,-0.25,0,0,-0.0,-0.0,0,4.05
13,B.Pinion,SF,0,0.0,1.0,0.0,0,0.0,0.0,2,0.0,0.0,0.0,-0.4600000000000002,1.3,0.2,-0.0,0,0,-0.0,-0.0,0,4.04
13,M.Dickson,SEA,0,0.0,0.25,0.0,2,0.0,0.0,1,0.75,0.0,0.0,0.47500000000000003,0.46666666666666673,0.5,-0.25,0,0,-0.0,-0.0,0,5.191666666666666
13,T.Way,WAS,0,0.0,0.75,0.0,3,0.0,0.0,2,0.0,0.0,0.0,0.3333333333333336,0.2666666666666667,0.30000000000000004,-0.0,0,0,-0.0,-0.0,0,6.65
13,C.Johnston,PHI,0,0.0,0.25,0.0,1,0.0,0.0,1,0.0,0.0,0.0,0.15000000000000002,0.8,0.4,-0.0,0,0,-0.0,-0.0,0,3.6
14,L.Cooke,JAX,0,0.0,0.0,0.1,3,0.0,0.0,3,1.5,0.0,0.0,0.5,0.5,0.1,-0.0,0,0,-0.0,-0.0,0,8.7
14,B.Kern,TEN,0,0.0,0.0,0.0,2,0.75,0.0,1,0.75,0.0,0.0,1.4000000000000001,0.9,0.4,-0.25,0,0,-0.0,-0.0,0,6.950000000000001
14,L.Edwards,NYJ,0,0.0,0.5,0.0,1,0.0,0.0,1,0.75,0.0,0.0,-0.5,0.5,0.5,-0.0,0,0,-0.0,-0.0,0,3.75
14,M.Darr,BUF,0,0.0,0.25,0.0,0,0.0,0.0,1,0.0,0.0,0.0,-0.5,0,0.5,-0.25,0,0,-0.0,-0.0,0,1.0
14,J.Hekker,LA,0,0.0,0.0,0.1,2,0.75,0.0,1,0.0,0.0,0.0,0.3666666666666665,-1.3,0.2,-0.25,0,0,-0.0,-0.0,0,2.866666666666667
14,P.O'Donnell,CHI,0,0.4,0.5,0.0,2,0.0,0.0,4,1.5,0.5,0.0,0.07999999999999972,0,0.30000000000000004,-0.25,0,0,-0.0,-0.0,0,9.030000000000001
14,M.Palardy,CAR,0,0.0,0.5,0.1,1,0.0,0.0,2,0.0,0.0,0.0,-0.55,-1.0,0.4,-0.0,0,0,-0.0,-0.0,0,2.4499999999999997
14,B.Colquitt,CLE,0,0.0,0.5,0.0,0,0.0,0.0,0,0.0,0.0,0.0,0.26666666666666644,0.30000000000000004,0.4,-0.25,0,0,-0.0,-0.0,0,1.2166666666666663
14,M.Bosher,ATL,0,0.0,0.25,0.0,2,0.0,0.0,1,0.0,0.0,0.0,0.5,0.9,0.2,-0.5,0,0,-0.0,-0.0,0,4.3500000000000005
14,J.Scott,GB,0,0.0,0.5,0.1,1,0.0,0.0,0,0.0,0.0,0.0,-0.275,-0.5,0.5,-0.0,0,0,-0.0,-0.0,0,1.3250000000000002
14,R.Sanchez,IND,0,0.8,0.5,0.0,2,0.0,0.0,2,0.75,0.0,0.0,0.13333333333333358,-0.0,0.4,-0.0,0,0,-0.0,-0.0,0,6.583333333333334
14,T.Daniel,HOU,0,0.0,0.75,0.0,4,0.0,0.0,3,1.5,0.0,0.0,0.025,-0.040000000000000036,0.30000000000000004,-0.0,0,0,-0.0,-0.0,0,9.535
14,D.Colquitt,KC,0,0.0,0.25,0.0,1,0.0,0.0,2,0.75,0.0,0.0,-0.8,-4.6000000000000005,0.5,-0.5,0,0,-0.0,-0.0,0,-1.4000000000000004
14,S.Koch,BAL,0,0.0,0.0,0.1,3,0.0,0.0,1,0.0,0.0,0.0,0.7666666666666665,0.25,0.4,-0.0,0,0,-0.0,-0.0,0,5.516666666666667
14,R.Allen,NE,0,0.0,0.0,0.1,0,0.0,0.0,1,0.75,0.0,0.0,0.2333333333333336,0.1,0.5,-0.5,0,0,-0.0,-0.0,0,2.1833333333333336
14,M.Haack,MIA,-3,0.0,0.0,0.2,1,0.0,0.0,0,0.0,0.0,0.0,-1.1,0.55,0.4,-0.0,0,0,-0.0,-0.0,0,-1.9499999999999997
14,T.Morstead,NO,0,0.4,0.25,0.0,1,0.75,0.0,1,0.0,0.0,0.0,0.6666666666666665,-0.1,0.4,-0.0,0,0,-0.0,-0.0,0,4.366666666666666
14,B.Anger,TB,-3,0.0,0.5,0.0,1,0.75,0.0,1,0.0,0.0,0.0,0.0,-0.55,0.2,-0.5,0,0,-0.0,-0.0,0,-0.6000000000000001
14,T.Way,WAS,0,0.0,0.25,0.0,5,0.75,0.0,3,0.0,0.0,0.0,0.6125,-0.11999999999999994,0.0,-0.0,0,0,-0.0,-0.0,0,9.492500000000001
14,R.Dixon,NYG,0,0.0,0.5,0.1,1,0.0,0.0,1,0.75,0.5,0.25,-0.2,1.0,0.5,-0.25,0,0,-0.0,-0.0,0,5.1499999999999995
14,K.Huber,CIN,0,0.0,0.25,0.0,1,0.0,0.0,3,1.5,0.5,0.0,-0.1,0.9,0.30000000000000004,-0.0,0,0,-0.0,-0.0,0,7.3500000000000005
14,D.Jones,LAC,0,0.0,0.0,0.1,1,0.0,0.0,0,0.0,0.0,0.0,-0.17500000000000002,-0.25,0.6000000000000001,-0.0,0,0,-0.0,-0.0,0,1.2750000000000001
14,B.Pinion,SF,0,0.4,0.25,0.0,0,0.0,0.0,1,0.75,0.0,0.0,-0.30000000000000004,0.2333333333333333,0.4,-0.0,0,0,-0.0,-0.0,0,2.733333333333333
14,C.Wadman,DEN,0,0.4,0.25,0.0,4,0.0,0.0,2,0.0,0.0,0.0,0.2833333333333336,0.033333333333333395,0.2,-0.0,0,0,-0.0,-0.0,0,7.166666666666667
14,A.Lee,ARI,0,0.4,0.5,0.0,4,0.0,0.0,3,0.0,0.0,0.0,0.4833333333333336,0.6333333333333334,0.1,-0.25,0,0,-0.0,-0.0,0,8.866666666666667
14,S.Martin,DET,0,0.0,0.5,0.0,2,0.0,0.0,4,0.0,0.0,0.0,0.02857142857142847,0.38,0.2,-0.0,0,0,-0.0,-0.0,0,7.1085714285714285
14,C.Jones,DAL,0,0.0,0.25,0.0,2,0.75,0.0,1,0.0,0.0,0.0,0.6000000000000001,-2.3000000000000003,0.5,-0.25,0,0,-0.0,-0.0,0,2.5499999999999994
14,C.Johnston,PHI,0,0.0,1.0,0.0,3,0.0,0.0,3,0.0,0.0,0.0,0.1,0.15000000000000002,0.30000000000000004,-0.25,0,0,-0.0,-0.0,0,7.3
14,J.Berry,PIT,0,0.0,0.5,0.0,0,0.0,0.0,2,0.0,0.0,0.0,-0.6333333333333336,0,0.30000000000000004,-0.5,0,0,-0.0,-0.0,0,1.666666666666666
14,J.Townsend,OAK,0,0.0,0.25,0.0,3,0.0,0.0,1,0.0,0.0,0.0,0.35000000000000003,-0.033333333333333395,0.4,-0.0,0,0,-0.0,-0.0,0,4.966666666666667
14,M.Wile,MIN,0,0.0,0.25,0.1,0,0.0,0.0,1,0.0,0.0,0.0,-0.23999999999999988,0.3333333333333333,0.1,-0.0,0,0,-0.0,-0.0,0,1.5433333333333337
14,M.Dickson,SEA,0,0.0,0.75,0.0,2,0.0,0.0,3,0.0,0.0,0.0,-0.1,0,0.2,-0.0,0,0,-0.0,-0.0,0,5.8500000000000005
15,D.Jones,LAC,0,0.4,0.0,0.1,0,0.0,0.0,0,0.0,0.0,0.0,-0.35000000000000003,0,0.30000000000000004,-0.0,0,0,-0.0,-0.0,0,0.45
15,D.Colquitt,KC,0,0.4,0.25,0.0,3,0.75,0.0,1,0.75,0.0,0.0,0.5750000000000001,0.9,0.4,-0.0,0,0,-0.0,-0.0,0,8.025
15,L.Edwards,NYJ,0,0.0,0.25,0.0,2,0.0,0.0,2,0.0,0.0,0.0,0.42500000000000004,0.3333333333333333,0.2,-0.5,0,0,-0.0,-0.0,0,4.708333333333333
15,T.Daniel,HOU,0,0.0,0.0,0.1,2,0.0,0.0,0,0.0,0.0,0.0,0.06666666666666643,-0.2,0.7000000000000001,-0.0,0,0,-0.0,-0.0,0,2.6666666666666665
15,C.Wadman,DEN,0,0.0,0.0,0.0,0,0.0,0.0,0,0.0,0.0,0.0,-0.3666666666666665,0.45,0.4,-0.0,0,0,-0.0,-0.0,0,0.48333333333333356
15,B.Colquitt,CLE,0,0.0,0.5,0.0,2,0.0,0.0,2,0.0,0.0,0.0,0.35000000000000003,0.9,0.30000000000000004,-0.0,0,0,-0.0,-0.0,0,6.05
15,M.Bosher,ATL,0,0.0,0.5,0.0,2,0.0,0.0,0,0.0,0.0,0.0,-0.06666666666666643,-0.1333333333333334,0.5,-0.0,0,0,-0.0,-0.0,0,2.8000000000000003
15,A.Lee,ARI,0,0.0,1.0,0.1,3,0.75,0.0,2,0.0,0.0,0.0,0.30000000000000004,0.4,0.2,-0.0,0,0,-0.0,-0.0,0,7.75
15,B.Anger,TB,0,0.4,0.25,0.0,0,0.0,0.0,1,0.0,0.0,0.0,-0.42500000000000004,0.9,0.2,-0.0,0,0,-0.0,-0.0,0,2.325
15,S.Koch,BAL,0,0.0,0.0,0.2,1,0.0,0.0,1,0.0,0.0,0.0,-0.26666666666666644,-0.30000000000000004,0.4,-0.0,0,0,-0.0,-0.0,0,2.0333333333333337
15,S.Martin,DET,0,0.4,0.75,0.0,3,0.0,0.0,3,0.0,0.0,0.0,0.02857142857142847,0.5333333333333334,0.1,-0.25,0,0,-0.0,-0.0,0,7.561904761904762
15,M.Darr,BUF,0,0.4,0.75,0.0,1,0.0,0.0,2,0.0,0.0,0.0,-0.41666666666666646,0.30000000000000004,0.2,-0.0,0,0,-0.0,-0.0,0,4.233333333333334
15,P.O'Donnell,CHI,0,0.0,0.0,0.1,1,0.0,0.0,2,1.5,1.0,0.0,-0.07500000000000001,0.9,0.4,-0.0,0,0,-0.0,-0.0,0,6.825
15,J.Scott,GB,0,0.0,0.5,0.1,1,0.0,0.0,1,0.75,0.0,0.0,-0.33999999999999986,-1.75,0.30000000000000004,-0.0,0,0,-0.0,-0.0,0,1.5600000000000003
15,J.Townsend,OAK,0,0.0,1.0,0.0,0,0.0,0.0,1,0.0,0.0,0.0,-0.6833333333333336,0.5,0.4,-0.0,0,0,-0.0,-0.0,0,2.2166666666666663
15,K.Huber,CIN,0,0.0,0.5,0.0,1,0.0,0.0,1,0.0,0.0,0.0,-0.17999999999999972,0.1666666666666667,0.6000000000000001,-0.0,0,0,-0.0,-0.0,0,3.086666666666667
15,R.Sanchez,IND,0,0.0,0.0,0.0,1,0.0,0.0,1,0.0,0.0,0.0,0.7000000000000001,0.7000000000000001,0.5,-0.0,0,0,-0.0,-0.0,0,3.9000000000000004
15,C.Jones,DAL,0,0.0,0.5,0.0,1,0.0,0.0,2,0.75,0.0,0.0,-0.45,0.9,0.0,-0.0,0,0,-0.0,-0.0,0,4.7
15,T.Way,WAS,0,0.0,0.0,0.0,3,0.0,0.0,3,1.5,0.5,0.0,0.15000000000000002,-1.9000000000000001,0.4,-0.0,0,0,-0.0,-0.0,0,6.65
15,L.Cooke,JAX,0,0.0,0.5,0.0,2,1.5,0.5,3,0.75,0.0,0.0,0.7399999999999999,0.5333333333333334,0.2,-0.0,0,0,-0.0,-0.0,0,9.723333333333333
15,M.Haack,MIA,0,0.4,0.0,0.1,3,1.5,0.0,0,0.0,0.0,0.0,0.5142857142857146,-1.42,0.2,-0.0,0,0,-0.0,-0.0,0,4.2942857142857145
15,M.Wile,MIN,0,0.0,0.0,0.2,0,0.0,0.0,0,0.0,0.0,0.0,-0.26666666666666644,0.1,0.7000000000000001,-0.0,0,0,-0.0,-0.0,0,0.7333333333333336
15,R.Dixon,NYG,0,0.0,0.0,0.2,1,0.0,0.0,2,0.0,0.0,0.0,-0.55,0.1,0.0,-0.0,0,0,-0.0,-0.0,0,2.7500000000000004
15,B.Kern,TEN,0,0.0,0.25,0.0,2,0.0,0.0,5,0.75,0.0,0.0,-0.1,0.8333333333333335,0.30000000000000004,-0.25,0,0,-0.0,-0.0,0,8.783333333333335
15,B.Pinion,SF,0,0.4,0.5,0.0,2,0.0,0.0,0,0.0,0.0,0.0,0.30000000000000004,0.1,0.6000000000000001,-0.0,0,0,-0.0,-0.0,0,3.9000000000000004
15,M.Dickson,SEA,0,0.8,0.0,0.1,6,1.5,0.0,3,1.5,1.0,0.25,0.8250000000000001,-0.1,0.30000000000000004,-0.25,0,0,-0.0,-0.0,0,14.925
15,J.Berry,PIT,0,0.0,0.5,0.0,0,0.0,0.0,1,0.0,0.0,0.0,-0.6000000000000001,0,0.30000000000000004,-0.25,0,0,-0.0,-0.0,0,0.95
15,R.Allen,NE,0,0.0,0.25,0.0,1,0.0,0.0,3,1.5,0.5,0.25,-0.17999999999999972,0,0.2,-0.0,0,0,-0.0,-0.0,0,6.5200000000000005
15,J.Hekker,LA,0,0.0,0.5,0.0,3,0.75,0.0,0,0.0,0.0,0.0,1.1333333333333335,-0.4,0.5,-0.0,0,0,-0.0,-0.0,0,5.483333333333333
15,C.Johnston,PHI,0,0.0,0.25,0.0,2,0.0,0.0,2,0.75,0.0,0.0,0.6666666666666665,1.0,0.6000000000000001,-0.25,0,0,-0.0,-0.0,0,7.016666666666666
15,M.Palardy,CAR,0,0.0,0.5,0.1,2,0.0,0.0,1,0.0,0.0,0.0,-0.5166666666666665,0.25,0.1,-0.0,0,0,-0.0,-0.0,0,3.4333333333333336
15,T.Morstead,NO,0,0.0,0.0,0.30000000000000004,0,0.0,0.0,3,0.0,0.0,0.0,-0.30000000000000004,0.8,0.2,-0.0,0,0,-0.0,-0.0,0,4.0
16,R.Sanchez,IND,0,0.0,0.0,0.0,1,0.75,0.0,3,1.5,1.0,0.0,0.15000000000000002,0.9,0.4,-0.0,0,0,-0.0,-0.0,0,8.700000000000001
16,R.Dixon,NYG,0,0.0,0.25,0.0,2,0.0,0.0,1,0.0,0.0,0.0,0.3333333333333336,0.75,0.5,-0.0,0,0,-0.0,-0.0,0,4.833333333333334
16,L.Cooke,JAX,0,0.0,0.75,0.0,0,0.0,0.0,4,0.0,0.0,0.0,-0.7399999999999999,0.30000000000000004,0.2,-0.25,0,0,-0.0,-0.0,0,4.26
16,M.Haack,MIA,0,0.0,0.25,0.1,4,0.0,0.0,3,0.0,0.0,0.0,0.13333333333333358,-0.25,0.1,-0.25,0,0,-0.0,-0.0,0,7.083333333333333
16,M.Bosher,ATL,0,0.0,0.75,0.0,1,0.0,0.0,2,0.75,0.0,0.0,0.2,0.1,0.4,-0.0,0,0,-0.0,-0.0,0,5.2
16,M.Palardy,CAR,0,0.0,0.5,0.0,1,0.0,0.0,1,0.0,0.0,0.0,-0.2333333333333336,-0.0,0.2,-0.0,0,0,-0.0,-0.0,0,2.466666666666667
16,B.Colquitt,CLE,-3,0.0,0.25,0.0,0,0.0,0.0,0,0.0,0.0,0.0,-0.1,0.7000000000000001,0.4,-0.25,0,0,-0.0,-0.0,0,-2.0
16,K.Huber,CIN,0,0.4,0.5,0.0,3,0.0,0.0,2,0.0,0.0,0.0,-0.12000000000000029,0.30000000000000004,0.2,-0.0,0,0,-0.0,-0.0,0,6.28
16,C.Jones,DAL,0,0.0,1.25,0.1,0,0.0,0.0,1,0.0,0.0,0.0,-0.35000000000000003,0.05,0.4,-0.0,0,0,-0.0,-0.0,0,2.4499999999999997
16,B.Anger,TB,0,0.0,0.25,0.0,1,0.0,0.0,0,0.0,0.0,0.0,0.6000000000000001,-0.4,0.4,-0.25,0,0,-0.0,-0.0,0,1.6
16,S.Martin,DET,0,0.0,0.5,0.0,1,0.0,0.0,4,0.75,0.5,0.0,-0.35000000000000003,0.1,0.30000000000000004,-0.0,0,0,-0.0,-0.0,0,6.8
16,M.Wile,MIN,0,0.0,0.0,0.0,3,0.0,0.0,1,0.0,0.0,0.0,0.30000000000000004,0.54,0.5,-0.0,0,0,-0.0,-0.0,0,5.34
16,M.Darr,BUF,0,0.0,0.0,0.0,1,0.0,0.0,0,0.0,0.0,0.0,-0.6666666666666665,-0.9500000000000001,0.2,-0.25,0,0,-0.0,-0.0,0,-0.6666666666666665
16,R.Allen,NE,0,0.0,0.0,0.1,2,0.0,0.0,3,1.5,0.0,0.0,-0.18333333333333357,0.30000000000000004,0.4,-0.0,0,0,-0.0,-0.0,0,7.116666666666666
16,J.Scott,GB,0,0.0,0.25,0.1,0,0.0,0.0,0,0.0,0.0,0.0,-0.7333333333333336,-0.30000000000000004,0.6000000000000001,-0.0,0,0,-0.0,-0.0,0,-0.08333333333333359
16,L.Edwards,NYJ,0,0.0,0.25,0.0,1,0.0,0.0,2,0.75,0.0,0.0,-0.1,0.9,0.6000000000000001,-0.25,0,0,-0.0,-0.0,0,5.15
16,T.Daniel,HOU,0,0.0,0.25,0.1,1,0.0,0.0,2,0.0,0.0,0.0,-0.47500000000000003,-0.2,0.4,-0.25,0,0,-0.0,-0.0,0,2.8249999999999997
16,C.Johnston,PHI,0,0.4,0.0,0.0,0,0.0,0.0,0,0.0,0.0,0.0,0.30000000000000004,0.1,0.4,-0.25,0,0,-0.0,-0.0,0,0.9500000000000002
16,A.Lee,ARI,0,0.0,0.25,0.0,3,0.0,0.0,4,0.75,0.0,0.0,0.4200000000000003,-0.4,0.1,-0.5,0,0,-0.0,-0.0,0,7.619999999999999
16,J.Hekker,LA,0,0.0,0.0,0.0,1,0.0,0.0,2,0.75,0.0,0.0,0.65,0.8,0.5,-0.25,0,0,-0.0,-0.0,0,5.45
16,B.Pinion,SF,0,0.0,1.0,0.0,0,0.0,0.0,1,0.0,0.0,0.0,0.025,0,0.30000000000000004,-0.0,0,0,-0.0,-0.0,0,2.325
16,P.O'Donnell,CHI,0,0.4,0.25,0.0,0,0.0,0.0,1,0.0,0.0,0.0,-0.5333333333333335,0,0.2,-0.25,0,0,-0.0,-0.0,0,1.0666666666666662
16,J.Berry,PIT,0,0.4,0.25,0.0,1,0.0,0.0,0,0.0,0.0,0.0,0.4,0,0.4,-0.0,0,0,-0.0,-0.0,0,2.4499999999999997
16,T.Morstead,NO,0,0.0,0.5,0.1,1,0.0,0.0,1,0.75,0.5,0.0,0.2,0,0.5,-0.0,0,0,-0.0,-0.0,0,4.55
16,D.Colquitt,KC,0,0.0,0.0,0.0,1,0.0,0.0,1,0.75,0.0,0.0,0.30000000000000004,0.25,0.5,-0.0,0,0,-0.0,-0.0,0,3.8
16,M.Dickson,SEA,0,0.0,0.0,0.2,0,0.0,0.0,1,0.0,0.0,0.0,-1.0333333333333337,0,0.6000000000000001,-0.25,0,0,-0.0,-0.0,0,0.5166666666666664
16,C.Wadman,DEN,0,1.2000000000000002,0.25,0.0,4,0.75,0.0,1,0.0,0.0,0.0,0.6000000000000001,-4.4,0.2,-0.25,0,0,-0.0,-0.0,0,3.3500000000000005
16,J.Townsend,OAK,0,0.0,1.0,0.0,1,0.75,0.0,3,0.0,0.0,0.0,0.0,0,0.4,-0.0,0,0,-0.0,-0.0,0,6.15
16,T.Way,WAS,0,0.0,0.25,0.0,2,0.0,0.0,0,0.0,0.0,0.0,0.8500000000000001,-0.7000000000000001,0.4,-0.0,0,0,-0.0,-0.0,0,2.8
16,B.Kern,TEN,0,0.0,0.5,0.1,1,0.0,0.0,4,1.5,0.0,0.0,-0.275,0,0.30000000000000004,-0.25,0,0,-0.0,-0.0,0,6.874999999999999
16,D.Jones,LAC,0,0.0,0.75,0.1,0,0.0,0.0,2,0.75,0.5,0.0,-0.3428571428571431,0.05,0.2,-0.0,0,0,-0.0,-0.0,0,4.007142857142856
16,S.Koch,BAL,0,0.0,0.25,0.0,2,0.0,0.0,1,0.0,0.0,0.0,0.5,-0.75,0.4,-0.5,0,0,-0.0,-0.0,0,2.9
